home_avg_xg,away_avg_xg,home_field,home_team,away_team,home_goals,away_goals,home_xg,away_xg,home_avg_xg,away_avg_xg,home_field,home_form_goals_scored,home_form_goals_conceded,home_form_xg_for,home_form_xg_against,away_form_goals_scored,away_form_goals_conceded,away_form_xg_for,away_form_xg_against
3.925,3.925,1,Burnley,Manchester City,0,3,0.311032,2.40074,3.925,3.925,1,1.4,1.5,3.925,3.925,1.4,1.4,3.925,3.925
3.925,3.925,1,Arsenal,Nottingham Forest,2,1,0.84262,0.966305,3.925,3.925,1,1.4,1.5,3.925,3.925,1.4,1.4,3.925,3.925
3.925,3.925,1,Bournemouth,West Ham,1,1,1.51025,1.4834,3.925,3.925,1,1.4,1.5,3.925,3.925,1.4,1.4,3.925,3.925
3.925,3.925,1,Brighton,Luton,4,1,4.36748,1.88594,3.925,3.925,1,1.4,1.5,3.925,3.925,1.4,1.4,3.925,3.925
3.925,3.925,1,Everton,Fulham,0,1,2.59001,1.58144,3.925,3.925,1,1.4,1.5,3.925,3.925,1.4,1.4,3.925,3.925
3.925,3.925,1,Sheffield United,Crystal Palace,0,1,0.422704,2.27616,3.925,3.925,1,1.4,1.5,3.925,3.925,1.4,1.4,3.925,3.925
5.095,3.978,1,Newcastle United,Aston Villa,5,1,4.32208,1.486,5.095,3.978,1,1.4,1.5,3.925,3.925,1.4,1.4,3.925,3.925
3.925,3.925,1,Brentford,Tottenham,2,2,1.90756,1.45316,3.925,3.925,1,1.4,1.5,3.925,3.925,1.4,1.4,3.925,3.925
3.925,3.925,1,Chelsea,Liverpool,1,1,1.93258,1.29994,3.925,3.925,1,1.4,1.5,3.925,3.925,1.4,1.4,3.925,3.925
3.925,3.925,1,Manchester United,Wolverhampton Wanderers,1,0,1.97087,1.72228,3.925,3.925,1,1.4,1.5,3.925,3.925,1.4,1.4,3.925,3.925
3.925,3.925,1,Nottingham Forest,Sheffield United,2,1,1.37181,0.551038,3.925,3.925,1,1.0,2.0,3.925,3.925,0.0,1.0,3.925,3.925
6.063,4.279,1,Liverpool,Bournemouth,3,1,3.25448,1.3867,6.063,4.279,1,1.0,1.0,3.925,3.925,1.0,1.0,3.925,3.925
3.925,3.925,1,Wolverhampton Wanderers,Brighton,1,4,2.68821,3.15562,3.925,3.925,1,0.0,1.0,3.925,3.925,4.0,1.0,3.925,3.925
3.925,3.925,1,Fulham,Brentford,0,3,0.399899,3.46888,3.925,3.925,1,1.0,0.0,3.925,3.925,2.0,2.0,3.925,3.925
3.925,3.925,1,Tottenham,Manchester United,2,0,2.53904,2.44604,3.925,3.925,1,2.0,2.0,3.925,3.925,1.0,0.0,3.925,3.925
3.925,3.925,1,Manchester City,Newcastle United,1,0,1.22528,0.257154,3.925,3.925,1,3.0,0.0,3.925,3.925,5.0,1.0,5.095,3.978
3.925,3.925,1,Aston Villa,Everton,4,0,3.24336,0.721465,3.925,3.925,1,1.0,5.0,3.978,5.095,0.0,1.0,3.925,3.925
3.925,3.925,1,West Ham,Chelsea,3,1,1.71234,1.60916,3.925,3.925,1,1.0,1.0,3.925,3.925,1.0,1.0,3.925,3.925
3.925,3.925,1,Crystal Palace,Arsenal,0,1,1.06916,2.20593,3.925,3.925,1,1.0,0.0,3.925,3.925,2.0,1.0,3.925,3.925
3.925,3.925,1,Chelsea,Luton,3,0,3.41419,0.465741,3.925,3.925,1,1.0,2.0,3.925,3.925,1.0,4.0,3.925,3.925
3.925,3.925,1,Bournemouth,Tottenham,0,2,0.483582,2.26115,3.925,3.925,1,1.0,2.0,4.102,4.994,2.0,1.0,3.925,3.925
3.925,3.925,1,Manchester United,Nottingham Forest,3,2,3.02803,0.960354,3.925,3.925,1,0.5,1.0,3.925,3.925,1.5,1.5,3.925,3.925
3.925,3.925,1,Everton,Wolverhampton Wanderers,0,1,1.89792,1.40228,3.925,3.925,1,0.0,2.5,3.925,3.925,0.5,2.5,3.925,3.925
3.925,3.925,1,Brentford,Crystal Palace,1,1,0.948011,1.06061,3.925,3.925,1,2.5,1.0,3.925,3.925,0.5,0.5,3.925,3.925
3.925,3.925,1,Arsenal,Fulham,2,2,3.23088,0.849817,3.925,3.925,1,1.5,0.5,3.925,3.925,0.5,1.5,3.925,3.925
3.925,3.925,1,Brighton,West Ham,1,3,1.3743,2.9527,3.925,3.925,1,4.0,1.0,3.925,3.925,2.0,1.0,3.925,3.925
3.925,3.925,1,Burnley,Aston Villa,1,3,0.630605,2.83691,3.925,3.925,1,0.0,3.0,3.925,3.925,2.5,2.5,3.9515000000000002,4.51
3.925,3.925,1,Sheffield United,Manchester City,1,2,0.762232,3.84804,3.925,3.925,1,0.5,1.5,3.925,3.925,2.0,0.0,3.925,3.925
3.925,3.925,1,Newcastle United,Liverpool,1,2,1.62037,0.856121,3.925,3.925,1,2.5,1.0,4.51,3.9515000000000002,2.0,1.0,4.994,4.102
3.925,3.925,1,Luton,West Ham,1,2,2.02244,1.22528,3.925,3.925,1,0.5,3.5,3.925,3.925,2.3333333333333335,1.0,3.925,3.925
3.925,3.925,1,Sheffield United,Everton,2,2,1.575,2.73871,3.925,3.925,1,0.6666666666666666,1.6666666666666667,3.925,3.925,0.0,2.0,3.925,3.925
0.04,3.196,1,Burnley,Tottenham,2,5,1.66604,2.39785,0.04,3.196,1,0.5,3.0,3.925,3.925,2.0,0.6666666666666666,3.925,3.925
3.925,3.925,1,Chelsea,Nottingham Forest,0,1,2.28442,1.1505,3.925,3.925,1,1.6666666666666667,1.3333333333333333,3.925,3.925,1.6666666666666667,2.0,3.925,3.925
3.925,3.925,1,Manchester City,Fulham,5,1,2.00152,1.46427,3.925,3.925,1,2.0,0.3333333333333333,3.925,3.925,1.0,1.6666666666666667,3.925,3.925
3.925,3.925,1,Brentford,Bournemouth,2,2,3.07185,2.11013,3.925,3.925,1,2.0,1.0,3.925,3.925,0.6666666666666666,2.0,4.043,4.637666666666667
3.925,3.925,1,Brighton,Newcastle United,3,1,1.32258,0.90476,3.925,3.925,1,3.0,1.6666666666666667,3.925,3.925,2.0,1.3333333333333333,4.315,3.9426666666666663
3.925,3.925,1,Crystal Palace,Wolverhampton Wanderers,3,2,2.32935,1.13911,3.925,3.925,1,0.6666666666666666,0.6666666666666666,3.925,3.925,0.6666666666666666,1.6666666666666667,3.925,3.925
3.925,3.925,1,Liverpool,Aston Villa,3,0,2.73138,0.615503,3.925,3.925,1,2.0,1.0,4.637666666666667,4.043,2.6666666666666665,2.0,3.9426666666666663,4.315
3.377,3.084,1,Arsenal,Manchester United,3,1,1.90973,0.966109,3.377,3.084,1,1.6666666666666667,1.0,3.925,3.925,1.3333333333333333,1.3333333333333333,3.925,3.925
3.925,3.925,1,Wolverhampton Wanderers,Liverpool,1,3,0.538833,2.82701,3.925,3.925,1,1.0,2.0,3.925,3.925,2.25,0.75,4.4595,4.0135
3.925,3.925,1,Manchester United,Brighton,1,3,0.719951,1.93908,3.925,3.925,1,1.25,1.75,3.71475,3.788,3.0,1.5,3.925,3.925
3.925,3.925,1,Tottenham,Sheffield United,2,1,2.15909,0.790655,3.925,3.925,1,2.75,1.0,3.74275,2.95375,1.0,1.75,3.925,3.925
3.925,3.925,1,West Ham,Manchester City,1,3,0.895632,4.15046,3.925,3.925,1,2.25,1.0,3.925,3.925,2.75,0.5,3.925,3.925
3.925,3.925,1,Aston Villa,Crystal Palace,3,1,2.31518,1.11696,3.925,3.925,1,2.0,2.25,3.93825,4.217499999999999,1.25,1.0,3.925,3.925
3.925,3.925,1,Fulham,Luton,1,0,1.75704,1.45705,3.925,3.925,1,1.0,2.5,3.925,3.925,0.6666666666666666,3.0,3.925,3.925
3.925,3.925,1,Newcastle United,Brentford,1,0,1.50126,0.633678,3.925,3.925,1,1.75,1.75,4.217499999999999,3.93825,2.0,1.25,3.925,3.925
3.925,3.925,1,Bournemouth,Chelsea,0,0,1.32515,1.39677,3.925,3.925,1,1.0,2.0,4.0135,4.4595,1.25,1.25,3.925,3.925
3.925,3.925,1,Everton,Arsenal,0,1,0.28317,0.802605,3.925,3.925,1,0.5,2.0,3.925,3.925,2.0,1.0,3.788,3.71475
3.925,3.925,1,Nottingham Forest,Burnley,1,1,0.705795,0.807651,3.925,3.925,1,1.5,1.5,3.925,3.925,1.0,3.6666666666666665,2.63,3.682
3.925,3.925,1,Luton,Wolverhampton Wanderers,1,1,2.24101,0.762984,3.925,3.925,1,0.5,2.5,3.925,3.925,1.0,2.2,3.925,3.925
3.925,3.925,1,Manchester City,Nottingham Forest,2,0,1.33984,0.729109,3.925,3.925,1,2.8,0.6,3.925,3.925,1.4,1.4,3.925,3.925
3.925,3.925,1,Crystal Palace,Fulham,0,0,0.37236,0.542678,3.925,3.925,1,1.2,1.4,3.925,3.925,1.0,2.0,3.925,3.925
3.925,3.925,1,Brentford,Everton,1,3,1.57402,2.51497,3.925,3.925,1,1.6,1.2,3.925,3.925,0.4,1.8,3.925,3.925
3.925,3.925,1,Burnley,Manchester United,0,1,0.935444,0.840273,3.925,3.925,1,1.0,3.0,2.95375,3.74275,1.2,2.0,3.7567999999999997,3.8153999999999995
3.925,3.925,1,Arsenal,Tottenham,2,2,2.3429,2.21166,3.925,3.925,1,1.8,0.8,3.8153999999999995,3.7567999999999997,2.6,1.0,3.7792000000000003,3.1479999999999997
3.925,3.925,1,Liverpool,West Ham,3,1,4.14262,1.53878,3.925,3.925,1,2.4,0.8,4.3526,3.9958,2.0,1.4,3.925,3.925
3.925,3.925,1,Chelsea,Aston Villa,0,1,1.19716,1.13479,3.925,3.925,1,1.0,1.0,3.925,3.925,2.2,2.0,3.9356,4.159
3.925,3.925,1,Brighton,Bournemouth,3,1,2.14533,1.58984,3.925,3.925,1,3.0,1.4,3.925,3.925,0.8,1.6,3.9958,4.3526
3.925,3.925,1,Sheffield United,Newcastle United,0,8,0.579392,5.1082,3.925,3.925,1,1.0,1.8,3.925,3.925,1.6,1.4,4.159,3.9356
3.925,3.925,1,Aston Villa,Brighton,6,1,1.90746,1.72819,3.925,3.925,1,2.2,1.0,3.925,3.925,2.8,1.4,3.925,3.925
3.925,3.925,1,Everton,Luton,1,2,3.65377,1.5102,3.925,3.925,1,1.0,1.8,3.925,3.925,0.6,2.2,3.925,3.925
3.925,3.925,1,Manchester United,Crystal Palace,0,1,1.55408,1.19015,3.925,3.925,1,1.2,2.0,3.7567999999999997,3.8153999999999995,1.0,1.4,3.925,3.925
3.925,3.925,1,Newcastle United,Burnley,2,0,3.08516,0.801849,3.925,3.925,1,2.2,1.2,3.925,3.925,0.8,2.6,3.1479999999999997,3.7792000000000003
3.925,3.925,1,Bournemouth,Arsenal,0,4,0.644443,4.0742,3.925,3.925,1,0.8,2.0,3.9958,4.3526,1.8,1.0,3.8153999999999995,3.7567999999999997
3.925,3.925,1,West Ham,Sheffield United,2,0,3.19753,0.911997,3.925,3.925,1,2.0,1.8,3.925,3.925,1.0,3.2,3.925,3.925
2.341,3.177,1,Wolverhampton Wanderers,Manchester City,2,1,0.673985,0.98075,2.341,3.177,1,1.2,2.2,3.925,3.925,2.6,0.6,3.925,3.925
3.925,3.925,1,Tottenham,Liverpool,2,1,2.18823,1.12299,3.925,3.925,1,2.6,1.0,3.7791999999999994,3.1479999999999997,2.8,0.8,4.3526,3.9958
3.925,4.797,1,Nottingham Forest,Brentford,1,1,0.800317,1.75862,3.925,4.797,1,1.2,1.4,3.925,3.925,1.4,1.4,3.925,3.925
3.925,3.925,1,Fulham,Chelsea,0,2,0.889383,1.98461,3.925,3.925,1,0.8,2.0,3.925,3.925,0.8,1.0,3.925,3.925
3.925,3.925,1,Luton,Burnley,1,2,1.53058,0.920206,3.925,3.925,1,0.8,1.6,3.925,3.925,0.8,2.4,3.1479999999999997,3.7791999999999994
3.925,3.925,1,Luton,Tottenham,0,1,0.848118,2.37947,3.925,3.925,1,1.0,1.4,3.925,3.925,2.6,1.2,3.7792000000000003,3.1479999999999997
3.925,3.925,1,Burnley,Chelsea,1,4,0.956642,1.97566,3.925,3.925,1,1.0,2.0,3.1479999999999997,3.7792000000000003,1.0,0.4,3.925,3.925
3.925,3.925,1,Everton,Bournemouth,3,0,3.16482,0.981732,3.925,3.925,1,1.2,1.4,3.925,3.925,0.6,2.2,3.925,3.925
3.925,3.925,1,Fulham,Sheffield United,3,1,2.26612,0.251809,3.925,3.925,1,0.8,1.8,3.925,3.925,0.8,3.2,3.925,3.925
3.925,3.925,1,Manchester United,Brentford,2,1,1.29356,1.02509,3.925,3.925,1,1.2,1.8,3.7567999999999997,3.8153999999999995,1.0,1.6,4.0994,3.925
3.925,3.925,1,Crystal Palace,Nottingham Forest,0,0,0.982452,1.22105,3.925,3.925,1,1.2,1.2,3.925,3.925,1.0,1.4,3.925,4.0994
3.925,3.925,1,Brighton,Liverpool,2,2,2.23187,2.51029,3.925,3.925,1,2.2,2.4,3.925,3.925,2.4,1.0,3.925,3.925
3.925,3.925,1,West Ham,Newcastle United,2,2,0.931345,1.97865,3.925,3.925,1,1.8,1.6,3.925,3.925,2.6,1.0,3.925,3.925
3.925,3.925,1,Wolverhampton Wanderers,Aston Villa,1,1,1.76232,1.81618,3.925,3.925,1,1.4,1.6,3.6082,3.7754,2.6,1.2,3.925,3.925
3.925,3.925,1,Arsenal,Manchester City,1,0,0.386558,0.858071,3.925,3.925,1,2.4,1.0,3.8153999999999995,3.7567999999999997,2.6,1.0,3.7754,3.6082
3.925,3.925,1,Liverpool,Everton,2,0,2.28568,0.0937725,3.925,3.925,1,2.4,1.2,3.925,3.925,1.8,1.2,3.925,3.925
3.925,3.925,1,Nottingham Forest,Luton,2,2,3.27549,1.49555,3.925,3.925,1,0.6,0.8,3.925,4.0994,0.8,1.2,3.925,3.925
3.925,3.925,1,Newcastle United,Crystal Palace,4,0,3.73336,1.08795,3.925,3.925,1,2.8,1.0,3.925,3.925,1.0,1.0,3.925,3.925
3.925,3.925,1,Bournemouth,Wolverhampton Wanderers,1,2,1.01839,2.30454,3.925,3.925,1,0.6,2.4,3.925,3.925,1.4,1.8,3.608199999999999,3.7754
3.925,3.925,1,Brentford,Burnley,3,0,3.15685,0.693129,3.925,3.925,1,1.0,1.8,4.0994,3.925,0.8,1.8,3.925,3.925
3.925,3.925,1,Manchester City,Brighton,2,1,0.962509,0.963733,3.925,3.925,1,2.2,1.0,3.7754,3.608199999999999,2.4,2.2,3.925,3.925
3.925,3.925,1,Chelsea,Arsenal,2,2,1.71838,1.05791,3.925,3.925,1,1.2,0.6,3.925,3.925,2.2,0.6,3.8153999999999995,3.7567999999999997
3.925,3.925,1,Sheffield United,Manchester United,1,2,1.41074,1.46187,3.925,3.925,1,0.8,3.4,3.925,3.925,1.0,1.6,3.7567999999999997,3.8153999999999995
3.925,3.925,1,Aston Villa,West Ham,4,1,2.34143,0.659622,3.925,3.925,1,2.2,1.2,3.925,3.925,1.6,1.8,3.925,3.925
3.925,3.925,1,Tottenham,Fulham,2,0,1.63523,0.745838,3.925,3.925,1,2.4,1.2,3.7791999999999994,3.1479999999999997,1.0,1.6,3.925,3.925
3.925,3.925,1,Crystal Palace,Tottenham,1,2,0.561834,0.989103,3.925,3.925,1,0.4,1.4,3.925,3.925,1.8,0.8,3.925,3.925
3.925,3.925,1,Chelsea,Brentford,0,2,1.71801,2.48137,3.925,3.925,1,1.6,0.8,3.925,3.925,1.2,1.4,4.0994,3.925
3.925,3.925,1,Arsenal,Sheffield United,5,0,3.03496,0.0281554,3.925,3.925,1,2.0,0.8,3.925,3.925,0.6,3.4,3.925,3.925
3.925,3.925,1,Bournemouth,Burnley,2,1,1.10052,0.90255,3.925,3.925,1,0.4,2.4,3.925,3.925,0.6,2.2,3.925,3.925
3.925,3.925,1,Wolverhampton Wanderers,Newcastle United,2,2,0.863393,2.31987,3.925,3.925,1,1.4,1.4,3.6082,3.7754,3.4,0.4,3.925,3.925
3.925,3.925,1,West Ham,Everton,0,1,0.618578,0.733813,3.925,3.925,1,1.4,2.4,3.925,3.925,1.4,1.2,3.925,3.925
3.925,3.925,1,Aston Villa,Luton,3,1,3.07654,0.453117,3.925,3.925,1,3.0,0.8,3.925,3.925,1.2,1.4,3.925,3.925
3.207,2.918,1,Brighton,Fulham,1,1,1.31996,0.552523,3.207,2.918,1,2.0,2.4,3.925,3.925,0.8,1.0,3.925,3.925
3.925,3.925,1,Liverpool,Nottingham Forest,3,0,2.70428,0.642014,3.925,3.925,1,2.2,1.2,3.925,3.925,0.8,1.2,3.925,4.0994
3.925,3.925,1,Manchester United,Manchester City,0,3,0.714628,4.54595,3.925,3.925,1,1.2,1.2,3.925,3.925,1.6,1.0,3.7754,3.6082
3.925,3.925,1,Fulham,Manchester United,0,1,1.18241,0.697095,3.925,3.925,1,0.8,1.2,3.7236,3.781399999999999,1.0,1.2,3.925,3.925
3.925,3.925,1,Manchester City,Bournemouth,6,1,2.39949,0.643127,3.925,3.925,1,1.6,0.8,3.7754,3.608199999999999,0.8,2.6,3.925,3.925
3.925,3.925,1,Everton,Brighton,1,1,0.617607,0.442489,3.925,3.925,1,1.6,1.0,3.925,3.925,1.6,2.4,3.781399999999999,3.7236
3.925,3.925,1,Sheffield United,Wolverhampton Wanderers,2,1,1.10165,1.14803,3.925,3.925,1,0.4,4.0,3.925,3.925,1.6,1.2,3.608199999999999,3.7754
3.925,3.925,1,Brentford,West Ham,3,2,1.82944,1.75505,3.925,3.925,1,1.6,1.2,4.0994,3.925,1.2,2.0,3.925,3.925
3.925,3.925,1,Burnley,Crystal Palace,0,2,1.4998,1.43653,3.925,3.925,1,0.8,2.4,3.925,3.925,0.4,1.2,3.925,3.925
3.925,3.925,1,Newcastle United,Arsenal,1,0,1.12355,0.535473,3.925,3.925,1,3.6,0.8,3.925,3.925,2.8,0.8,3.925,3.925
3.925,3.925,1,Nottingham Forest,Aston Villa,2,0,0.592447,1.33116,3.925,3.925,1,0.6,1.6,3.925,4.0994,3.0,0.8,3.925,3.925
3.925,3.925,1,Luton,Liverpool,1,1,1.3411,3.03925,3.925,3.925,1,1.2,1.8,3.925,3.925,2.2,1.0,3.925,3.925
3.925,3.925,1,Tottenham,Chelsea,1,4,0.959108,4.05865,3.925,3.925,1,1.8,0.8,3.925,3.925,1.6,1.2,3.925,3.925
3.925,3.925,1,Wolverhampton Wanderers,Tottenham,2,1,1.90884,0.432315,3.925,3.925,1,1.6,1.4,3.6082,3.7754,1.6,1.2,3.925,3.925
3.925,3.925,1,Arsenal,Burnley,3,1,2.63194,0.327706,3.925,3.925,1,2.4,0.6,3.925,3.925,0.8,2.4,3.925,3.925
3.925,3.925,1,Crystal Palace,Everton,2,3,1.89194,1.7904,3.925,3.925,1,0.8,1.2,3.925,3.925,1.2,1.0,3.925,3.925
3.925,3.925,1,Manchester United,Luton,1,0,2.74105,0.408265,3.925,3.925,1,1.0,1.2,3.925,3.925,1.0,1.8,3.925,3.925
3.925,3.925,1,Bournemouth,Newcastle United,2,0,2.78424,0.306141,3.925,3.925,1,0.8,3.2,3.925,3.925,2.2,0.8,3.925,3.925
3.925,3.925,1,West Ham,Nottingham Forest,3,2,2.06402,1.42128,3.925,3.925,1,1.4,2.0,3.925,3.925,1.0,1.2,3.925,4.0994
3.925,3.925,1,Liverpool,Brentford,3,0,1.56004,1.44954,3.925,3.925,1,1.8,1.0,3.925,3.925,2.0,1.0,4.0994,3.925
3.925,3.925,1,Brighton,Sheffield United,1,1,1.08601,0.84434,3.925,3.925,1,1.2,2.4,3.7814,3.7236,0.8,2.6,3.925,3.925
3.925,3.925,1,Aston Villa,Fulham,3,1,2.86039,0.648745,3.925,3.925,1,2.8,1.2,3.925,3.925,0.8,1.4,3.7236,3.7814
3.925,3.925,1,Chelsea,Manchester City,4,4,3.47238,3.19324,3.925,3.925,1,2.4,1.2,3.925,3.925,2.4,1.0,3.7754,3.6082
3.925,3.925,1,Manchester City,Liverpool,1,1,1.79622,0.766278,3.925,3.925,1,3.0,1.4,3.925,3.925,2.2,0.6,3.925,3.925
3.925,3.925,1,Burnley,West Ham,1,2,1.44228,1.36963,3.925,3.925,1,0.6,2.8,3.925,3.925,1.6,2.4,3.925,3.925
3.925,3.925,1,Luton,Crystal Palace,2,1,0.996153,1.83546,3.925,3.925,1,0.8,1.6,3.925,3.925,1.0,1.8,3.925,3.925
3.925,3.925,1,Newcastle United,Chelsea,4,1,2.15227,0.968061,3.925,3.925,1,1.8,1.2,3.925,3.925,2.8,2.0,3.925,3.925
3.925,3.925,1,Nottingham Forest,Brighton,2,3,2.22655,1.21792,3.925,3.925,1,1.2,1.6,3.925,3.925,1.2,1.4,3.781399999999999,3.7236
3.925,3.925,1,Sheffield United,Bournemouth,1,3,0.816227,3.13975,3.925,3.925,1,1.0,2.4,3.925,3.925,1.2,2.4,3.925,3.925
3.925,3.925,1,Brentford,Arsenal,0,1,1.66315,1.82699,3.925,3.925,1,1.8,1.4,3.925,3.925,2.2,0.8,3.925,3.925
3.925,3.925,1,Tottenham,Aston Villa,1,2,2.22542,2.39755,3.925,3.925,1,1.4,1.4,3.925,3.925,2.2,1.2,3.925,3.925
3.925,3.925,1,Everton,Manchester United,0,3,2.49764,2.07334,3.925,3.925,1,1.6,1.0,3.925,3.925,1.2,1.0,3.925,3.925
3.925,3.925,1,Fulham,Wolverhampton Wanderers,3,2,2.49057,1.57875,3.925,3.925,1,1.0,1.6,3.7236,3.781399999999999,1.6,1.4,3.925,3.925
3.925,3.925,1,Arsenal,Wolverhampton Wanderers,2,1,3.30368,1.07886,3.925,3.925,1,2.2,0.8,3.925,3.925,1.8,1.8,3.925,3.925
3.925,3.925,1,Brentford,Luton,3,1,3.25952,0.227176,3.925,3.925,1,1.6,1.2,3.925,3.925,1.2,1.6,3.925,3.925
3.925,3.925,1,Burnley,Sheffield United,5,0,2.60469,0.618131,3.925,3.925,1,0.6,2.4,3.925,3.925,1.0,2.4,3.925,3.925
3.925,3.925,1,Nottingham Forest,Everton,0,1,0.673085,0.623789,3.925,3.925,1,1.6,2.2,3.925,3.925,1.0,1.6,3.925,3.925
3.925,3.925,1,Newcastle United,Manchester United,1,0,2.90191,0.422674,3.925,3.925,1,2.2,1.0,3.925,3.925,1.4,0.8,3.925,3.925
3.925,3.925,1,Bournemouth,Aston Villa,2,2,2.54937,0.89511,3.925,3.925,1,1.8,2.0,3.925,3.925,2.4,1.2,3.925,3.925
3.925,3.925,1,Chelsea,Brighton,3,2,1.66304,0.855058,3.925,3.925,1,2.2,2.6,3.925,3.925,1.4,1.4,3.7814,3.7236
3.925,3.925,1,Liverpool,Fulham,4,3,2.72831,1.51005,3.925,3.925,1,2.0,0.4,3.925,3.925,1.0,1.8,3.7236,3.7814
3.925,3.925,1,West Ham,Crystal Palace,1,1,1.1466,0.987682,3.925,3.925,1,1.6,2.2,3.925,3.925,1.2,2.2,3.925,3.925
3.925,3.925,1,Manchester City,Tottenham,3,3,2.90729,0.433077,3.925,3.925,1,3.2,1.4,3.925,3.925,1.4,1.8,3.925,3.925
3.925,3.925,1,Wolverhampton Wanderers,Burnley,1,0,1.11886,0.781542,3.925,3.925,1,1.6,2.0,3.925,3.925,1.6,1.8,3.925,3.925
3.925,3.925,1,Luton,Arsenal,3,4,0.526254,2.58815,3.925,3.925,1,1.0,1.8,3.925,3.925,2.2,0.6,3.925,3.925
3.925,3.925,1,Brighton,Brentford,2,1,1.54099,1.22007,3.925,3.925,1,1.6,1.6,3.781399999999999,3.7236,1.6,1.4,3.925,3.925
3.925,3.925,1,Fulham,Nottingham Forest,5,0,3.09427,0.218659,3.925,3.925,1,1.6,2.2,3.7236,3.781399999999999,1.2,2.0,3.925,3.925
3.925,3.925,1,Sheffield United,Liverpool,0,2,0.834172,1.80116,3.925,3.925,1,0.8,3.0,3.925,3.925,2.4,1.0,3.925,3.925
3.925,3.925,1,Crystal Palace,Bournemouth,0,2,1.26441,1.79997,3.925,3.925,1,1.4,1.6,3.925,3.925,2.0,2.0,3.925,3.925
3.925,3.925,1,Aston Villa,Manchester City,1,0,2.1922,1.00198,3.925,3.925,1,2.0,1.4,3.925,3.925,3.4,1.8,3.925,3.925
3.925,3.925,1,Manchester United,Chelsea,2,1,4.03949,2.3512,3.925,3.925,1,1.0,0.8,3.925,3.925,2.4,2.6,3.925,3.925
3.925,3.925,1,Everton,Newcastle United,3,0,2.95393,1.29564,3.925,3.925,1,1.2,1.2,3.925,3.925,1.6,1.0,3.925,3.925
3.925,3.925,1,Tottenham,West Ham,1,2,1.61268,1.7409,3.925,3.925,1,1.6,2.4,3.925,3.925,1.6,1.6,3.925,3.925
3.925,3.925,1,Crystal Palace,Liverpool,1,2,1.79152,1.3708,3.925,3.925,1,1.2,1.6,3.925,3.925,2.2,1.0,3.925,3.925
3.925,3.925,1,Brighton,Burnley,1,1,2.96247,1.05162,3.925,3.925,1,1.8,1.6,3.925,3.925,1.4,1.6,3.925,3.925
3.925,3.925,1,Manchester United,Bournemouth,0,3,1.11296,1.9742,3.925,3.925,1,1.4,0.4,3.925,3.925,2.0,1.8,3.925,3.925
3.925,3.925,1,Sheffield United,Brentford,1,0,0.841976,0.644638,3.925,3.925,1,0.8,2.4,3.925,3.925,1.4,1.8,3.925,3.925
3.925,3.925,1,Wolverhampton Wanderers,Nottingham Forest,1,1,1.02199,1.21801,3.925,3.925,1,1.4,1.6,3.925,3.925,1.2,2.4,3.925,3.925
3.925,3.925,1,Aston Villa,Arsenal,1,0,0.628499,1.71667,3.925,3.925,1,1.6,1.2,3.925,3.925,2.0,1.2,3.925,3.925
3.925,3.925,1,Everton,Chelsea,2,0,1.11437,0.885512,3.925,3.925,1,1.6,1.2,3.925,3.925,2.6,2.6,3.925,3.925
3.925,3.925,1,Fulham,West Ham,5,0,2.1884,0.983,3.925,3.925,1,2.4,2.0,3.925,3.925,2.0,1.6,3.925,3.925
3.925,3.925,1,Luton,Manchester City,1,2,0.689037,2.23353,3.925,3.925,1,1.4,2.0,3.925,3.925,2.8,2.0,3.925,3.925
3.925,3.925,1,Tottenham,Newcastle United,4,1,4.40118,1.61368,3.925,3.925,1,1.4,2.6,3.925,3.925,1.2,1.2,3.925,3.925
3.925,3.925,1,Nottingham Forest,Tottenham,0,2,1.70569,1.60738,3.925,3.925,1,1.0,2.6,3.925,3.925,2.0,2.0,3.925,3.925
3.925,3.925,1,Newcastle United,Fulham,3,0,4.27933,0.471042,3.925,3.925,1,1.2,2.0,3.925,3.925,3.4,1.8,3.925,3.925
3.925,3.925,1,Manchester City,Crystal Palace,2,2,2.41646,1.64977,3.925,3.925,1,2.0,2.0,3.925,3.925,1.0,2.0,3.925,3.925
3.925,3.925,1,Chelsea,Sheffield United,2,0,3.27322,0.44014,3.925,3.925,1,1.8,2.8,3.925,3.925,0.6,2.2,3.925,3.925
3.925,3.925,1,Burnley,Everton,0,2,0.811435,2.22305,3.925,3.925,1,1.6,1.4,3.925,3.925,1.8,1.0,3.925,3.925
3.925,3.925,1,Arsenal,Brighton,2,0,2.76976,0.663054,3.925,3.925,1,2.0,1.2,3.925,3.925,1.8,1.6,3.925,3.925
3.925,3.925,1,Brentford,Aston Villa,1,2,0.796812,1.4664,3.925,3.925,1,0.8,1.6,3.925,3.925,1.8,0.8,3.925,3.925
3.925,3.925,1,West Ham,Wolverhampton Wanderers,3,0,1.03828,0.556206,3.925,3.925,1,1.6,2.0,3.925,3.925,1.4,1.4,3.925,3.925
3.925,3.925,1,Liverpool,Manchester United,0,0,1.97111,0.632715,3.925,3.925,1,2.4,1.0,3.925,3.925,1.2,1.0,3.925,3.925
3.925,3.925,1,Crystal Palace,Brighton,1,1,1.65409,1.33653,3.925,3.925,1,1.0,1.8,3.925,3.925,1.6,1.8,3.925,3.925
3.925,3.925,1,Aston Villa,Sheffield United,1,1,1.21861,0.646159,3.925,3.925,1,1.6,0.8,3.925,3.925,0.4,2.4,3.925,3.925
3.925,3.925,1,West Ham,Manchester United,2,0,1.51468,0.730496,3.925,3.925,1,1.6,1.6,3.925,3.925,1.0,1.0,3.925,3.925
3.925,3.925,1,Tottenham,Everton,2,1,1.57527,1.98385,3.925,3.925,1,2.2,1.6,3.925,3.925,1.6,0.6,3.925,3.925
3.925,3.925,1,Nottingham Forest,Bournemouth,2,3,0.791806,1.89067,3.925,3.925,1,0.6,2.4,3.925,3.925,2.4,0.6,3.925,3.925
3.925,3.925,1,Fulham,Burnley,0,2,1.38096,0.41714,3.925,3.925,1,3.2,1.8,3.925,3.925,1.4,1.2,3.925,3.925
3.925,3.925,1,Luton,Newcastle United,1,0,1.81844,1.41488,3.925,3.925,1,1.4,2.2,3.925,3.925,1.8,1.6,3.925,3.925
3.925,3.925,1,Liverpool,Arsenal,1,1,0.982901,0.851681,3.925,3.925,1,1.8,1.0,3.925,3.925,1.8,1.0,3.925,3.925
3.925,3.925,1,Wolverhampton Wanderers,Chelsea,2,1,1.74626,1.75447,3.925,3.925,1,1.0,1.8,3.925,3.925,1.4,2.0,3.925,3.925
3.925,3.925,1,Newcastle United,Nottingham Forest,1,3,2.79106,3.1074,3.925,3.925,1,1.0,1.6,3.925,3.925,0.6,2.4,3.925,3.925
3.925,3.925,1,Bournemouth,Fulham,3,0,2.07911,0.324365,3.925,3.925,1,2.6,1.0,3.925,3.925,2.6,1.8,3.925,3.925
3.925,3.925,1,Sheffield United,Luton,2,3,3.61788,0.715575,3.925,3.925,1,0.4,2.0,3.925,3.925,1.6,2.0,3.925,3.925
3.925,3.925,1,Burnley,Liverpool,0,2,0.972389,1.68451,3.925,3.925,1,1.6,0.8,3.925,3.925,1.8,1.0,3.925,3.925
3.925,3.925,1,Manchester United,Aston Villa,3,2,1.20104,1.83637,3.925,3.925,1,0.4,1.4,3.925,3.925,1.4,0.8,3.925,3.925
4.552,4.656,1,Chelsea,Crystal Palace,2,1,2.73005,0.958077,4.552,4.656,1,1.4,1.6,3.925,3.925,1.0,1.6,3.925,3.925
3.925,3.925,1,Brentford,Wolverhampton Wanderers,1,4,2.59347,1.89483,3.925,3.925,1,1.0,1.4,3.925,3.925,1.0,1.4,3.925,3.925
3.925,3.925,1,Everton,Manchester City,1,3,1.23529,2.28321,3.925,3.925,1,1.8,0.4,3.925,3.925,1.6,1.6,3.925,3.925
3.925,3.925,1,Brighton,Tottenham,4,2,3.84702,2.06955,3.925,3.925,1,1.2,1.6,3.925,3.925,2.4,1.4,3.925,3.925
3.925,3.925,1,Arsenal,West Ham,0,2,2.7884,1.59711,3.925,3.925,1,1.8,1.2,3.925,3.925,1.6,1.4,3.925,3.925
3.925,3.925,1,Luton,Chelsea,2,3,2.64093,1.57463,3.925,3.925,1,1.8,2.2,3.925,3.925,1.2,1.4,4.0504,4.071199999999999
3.925,3.925,1,Aston Villa,Burnley,3,2,2.92587,1.11923,3.925,3.925,1,1.4,1.0,3.925,3.925,0.6,1.2,3.925,3.925
3.925,3.925,1,Crystal Palace,Brentford,3,1,1.61057,1.28731,3.925,3.925,1,1.0,1.8,4.071199999999999,4.0504,1.2,2.0,3.925,3.925
3.925,3.925,1,Manchester City,Sheffield United,2,0,2.24229,0.263211,3.925,3.925,1,2.0,1.6,3.925,3.925,0.8,1.6,3.925,3.925
3.925,3.925,1,Wolverhampton Wanderers,Everton,3,0,2.64477,0.519641,3.925,3.925,1,1.6,1.2,3.925,3.925,1.8,1.0,3.925,3.925
3.925,3.925,1,Nottingham Forest,Manchester United,2,1,0.744348,0.651905,3.925,3.925,1,1.2,2.4,3.925,3.925,1.0,1.6,3.925,3.925
3.925,3.925,1,Fulham,Arsenal,2,1,1.52829,1.6591,3.925,3.925,1,2.0,1.6,3.925,3.925,1.4,1.4,3.925,3.925
3.925,3.925,1,Tottenham,Bournemouth,3,1,2.15027,1.58229,3.925,3.925,1,2.2,1.6,3.925,3.925,2.6,0.8,3.925,3.925
3.925,3.925,1,Liverpool,Newcastle United,4,2,6.67151,0.910974,3.925,3.925,1,1.4,0.4,3.925,3.925,1.0,2.2,3.925,3.925
3.925,3.925,1,West Ham,Brighton,0,0,0.9831,2.1552,3.925,3.925,1,1.8,1.2,3.925,3.925,1.6,1.4,3.925,3.925
3.925,3.925,1,Burnley,Luton,1,1,1.52023,0.965167,3.925,3.925,1,1.0,1.6,3.925,3.925,2.0,2.2,3.925,3.925
3.925,3.925,1,Chelsea,Fulham,1,0,2.0456,0.697847,3.925,3.925,1,1.6,1.4,4.0504,4.071199999999999,1.4,1.8,3.925,3.925
3.925,3.925,1,Newcastle United,Manchester City,2,3,1.23638,2.55452,3.925,3.925,1,1.4,2.4,3.925,3.925,1.8,1.0,3.925,3.925
3.925,3.925,1,Everton,Aston Villa,0,0,1.03664,1.3435,3.925,3.925,1,1.2,1.6,3.925,3.925,1.8,1.4,3.925,3.925
3.925,3.925,1,Manchester United,Tottenham,2,2,0.923233,1.31224,3.925,3.925,1,0.8,1.8,3.925,3.925,2.6,1.4,3.925,3.925
3.925,3.925,1,Arsenal,Crystal Palace,5,0,3.52167,0.288083,3.925,3.925,1,0.8,1.2,3.925,3.925,1.6,1.6,4.071199999999999,4.0504
4.797,3.925,1,Brentford,Nottingham Forest,3,2,1.94219,1.22251,4.797,3.925,1,0.8,2.4,3.925,3.925,1.6,1.6,3.925,3.925
3.925,3.925,1,Sheffield United,West Ham,2,2,2.61362,2.4241,3.925,3.925,1,0.8,1.6,3.925,3.925,1.4,1.0,3.925,3.925
4.279,6.063,1,Bournemouth,Liverpool,0,4,0.834585,1.53344,4.279,6.063,1,2.4,1.0,3.925,3.925,1.8,0.8,3.925,3.925
3.925,3.925,1,Brighton,Wolverhampton Wanderers,0,0,1.3701,1.14116,3.925,3.925,1,1.2,1.2,3.925,3.925,2.0,1.2,3.925,3.925
3.925,3.925,1,Nottingham Forest,Arsenal,1,2,0.631618,1.39143,3.925,3.925,1,1.8,2.0,3.925,4.0994,1.8,1.0,3.925,3.925
3.925,3.925,1,Fulham,Everton,0,0,2.37499,2.83317,3.925,3.925,1,0.4,2.0,3.925,3.925,0.8,1.6,3.925,3.925
3.925,3.925,1,Luton,Brighton,4,0,3.63312,1.01366,3.925,3.925,1,1.6,1.6,3.925,3.925,1.0,1.0,3.925,3.925
3.925,3.925,1,Crystal Palace,Sheffield United,3,2,1.1601,0.768467,3.925,3.925,1,1.4,2.2,4.071199999999999,4.050399999999999,1.0,2.0,3.925,3.925
3.978,5.095,1,Aston Villa,Newcastle United,1,3,1.44485,3.3224,3.978,5.095,1,1.6,1.4,3.925,3.925,1.6,2.2,3.925,3.925
3.925,3.925,1,Tottenham,Brentford,3,2,3.36194,1.59637,3.925,3.925,1,2.2,1.6,3.925,3.925,1.2,2.4,4.0994,3.925
3.925,3.925,1,Manchester City,Burnley,3,1,1.84756,1.49114,3.925,3.925,1,2.4,1.2,3.925,3.925,1.0,1.6,3.925,3.925
3.925,3.925,1,Liverpool,Chelsea,4,1,3.6627,0.477972,3.925,3.925,1,2.2,0.6,4.3526,3.9958,1.8,1.0,4.050399999999999,4.071199999999999
3.925,3.925,1,West Ham,Bournemouth,1,1,1.3128,1.13487,3.925,3.925,1,1.8,0.4,3.925,3.925,2.0,1.8,3.9958,4.3526
3.925,3.925,1,Wolverhampton Wanderers,Manchester United,3,4,2.27609,3.22698,3.925,3.925,1,1.8,1.0,3.925,3.925,1.2,1.6,3.925,3.925
3.925,3.925,1,Everton,Tottenham,2,2,3.25881,0.922371,3.925,3.925,1,0.4,1.6,3.925,3.925,2.4,2.0,3.925,3.925
3.925,3.925,1,Newcastle United,Luton,4,4,2.37353,2.67463,3.925,3.925,1,1.6,2.4,4.159,3.9356,2.2,1.2,3.925,3.925
3.925,3.925,1,Brighton,Crystal Palace,4,1,1.92591,0.241137,3.925,3.925,1,1.0,1.4,3.925,3.925,1.6,2.2,4.0712,4.0504
3.925,3.925,1,Burnley,Fulham,2,2,1.00428,1.28806,3.925,3.925,1,1.2,1.8,3.925,3.925,0.4,1.4,3.925,3.925
3.925,3.925,1,Sheffield United,Aston Villa,0,5,1.52784,2.99015,3.925,3.925,1,1.4,2.2,3.925,3.925,1.4,1.8,3.9356,4.159
3.925,3.925,1,Bournemouth,Nottingham Forest,1,1,1.1895,0.456548,3.925,3.925,1,1.6,2.0,3.9958,4.352600000000001,2.0,2.0,3.925,4.0994
3.925,3.925,1,Chelsea,Wolverhampton Wanderers,2,4,2.35967,2.48996,3.925,3.925,1,1.6,1.8,4.0504,4.0712,2.4,1.2,3.925,3.925
3.925,3.925,1,Manchester United,West Ham,3,0,0.96721,1.1807,3.925,3.925,1,2.0,2.2,3.925,3.925,1.4,0.6,3.925,3.925
3.925,3.925,1,Arsenal,Liverpool,3,1,2.8526,0.542052,3.925,3.925,1,1.8,1.2,3.925,3.925,3.0,0.8,4.3526,3.9958
3.925,3.925,1,Brentford,Manchester City,1,3,0.865741,2.10785,3.925,3.925,1,1.6,2.8,4.0994,3.925,2.6,1.2,3.925,3.925
3.925,3.925,1,Manchester City,Everton,2,0,1.58971,0.192072,3.925,3.925,1,2.8,1.0,3.925,3.925,0.6,1.6,3.925,3.925
3.925,3.925,1,Wolverhampton Wanderers,Brentford,0,2,1.05781,1.84908,3.925,3.925,1,2.8,1.4,3.925,3.925,1.6,3.0,4.0994,3.925
3.925,3.925,1,Luton,Sheffield United,1,3,1.76215,1.98283,3.925,3.925,1,2.8,2.0,3.925,3.925,1.2,3.0,3.925,3.925
3.925,3.925,1,Tottenham,Brighton,2,1,2.10928,1.49285,3.925,3.925,1,2.4,2.2,3.925,3.925,1.6,1.4,3.925,3.925
3.925,3.925,1,Liverpool,Burnley,3,1,3.14734,1.11123,3.925,3.925,1,3.0,1.2,4.352600000000001,3.9958,1.2,2.2,3.925,3.925
3.925,3.925,1,Fulham,Bournemouth,3,1,1.7456,2.60612,3.925,3.925,1,0.8,1.4,3.925,3.925,1.2,1.8,3.9958,4.3526
3.925,3.925,1,Nottingham Forest,Newcastle United,2,3,0.968075,0.511375,3.925,3.925,1,1.8,1.6,3.925,4.0994,2.4,3.0,4.159,3.9355999999999995
3.925,3.925,1,West Ham,Arsenal,0,6,0.191065,3.99893,3.925,3.925,1,1.0,1.2,3.925,3.925,2.2,1.2,3.925,3.925
3.925,3.925,1,Aston Villa,Manchester United,1,2,2.64675,2.44591,3.925,3.925,1,2.2,1.6,3.9355999999999995,4.159,2.6,1.8,3.925,3.925
4.656,4.552,1,Crystal Palace,Chelsea,1,3,0.719516,1.26948,4.656,4.552,1,1.6,2.8,4.071199999999999,4.0504,1.8,2.2,4.0504,4.071199999999999
3.925,3.925,1,Brentford,Liverpool,1,4,1.69518,3.08952,3.925,3.925,1,1.8,2.2,4.0994,3.925,3.2,1.4,4.3526,3.9958
3.925,3.925,1,Nottingham Forest,West Ham,2,0,2.66942,0.520016,3.925,3.925,1,1.6,2.0,3.925,4.0994,0.6,2.4,3.925,3.925
3.925,3.925,1,Newcastle United,Bournemouth,2,2,2.38425,2.08098,3.925,3.925,1,2.8,2.8,4.159000000000001,3.9356,0.8,2.4,3.9958,4.3526
3.925,3.925,1,Tottenham,Wolverhampton Wanderers,1,2,1.59768,1.77591,3.925,3.925,1,2.4,1.6,3.925,3.925,2.0,1.6,3.925,3.925
3.925,3.925,1,Burnley,Arsenal,0,5,0.335143,2.20575,3.925,3.925,1,1.4,2.4,3.925,3.925,3.4,0.8,3.925,3.925
3.925,3.925,1,Fulham,Aston Villa,1,2,1.41796,1.57297,3.925,3.925,1,1.4,1.0,3.925,3.925,2.0,1.4,3.9356,4.159000000000001
3.925,3.925,1,Manchester City,Chelsea,1,1,2.77713,1.82903,3.925,3.925,1,2.6,0.8,3.925,3.925,2.0,2.2,4.0504,4.0712
3.925,3.925,1,Sheffield United,Brighton,0,5,0.586214,3.35549,3.925,3.925,1,1.4,2.6,3.925,3.925,1.0,1.4,3.925,3.925
3.925,3.925,1,Luton,Manchester United,1,2,1.57234,3.58973,3.925,3.925,1,2.4,2.2,3.925,3.925,2.4,1.6,3.925,3.925
3.925,3.925,1,Everton,Crystal Palace,1,1,2.44588,0.734685,3.925,3.925,1,0.4,1.4,3.925,3.925,1.6,3.0,4.0712,4.0504
3.925,3.925,1,Manchester City,Brentford,1,0,2.53766,0.503799,3.925,3.925,1,2.4,1.0,3.925,3.925,1.8,2.4,4.0994,3.925
3.925,3.925,1,Liverpool,Luton,4,1,3.70302,0.956512,3.925,3.925,1,3.2,1.2,4.3526,3.9958,2.2,2.0,3.925,3.925
3.925,3.925,1,Manchester United,Fulham,1,2,1.96036,1.1385,3.925,3.925,1,2.6,1.4,3.925,3.925,1.2,1.2,3.925,3.925
3.925,3.925,1,Aston Villa,Nottingham Forest,4,2,3.48861,2.25569,3.925,3.925,1,1.8,1.2,3.9355999999999995,4.159,1.6,1.8,3.925,4.0994
3.925,3.925,1,Brighton,Everton,1,1,1.6538,0.286655,3.925,3.925,1,2.0,1.4,3.925,3.925,0.6,1.0,3.925,3.925
3.925,3.925,1,Crystal Palace,Burnley,3,0,2.41612,0.0760216,3.925,3.925,1,1.2,3.0,4.071199999999999,4.0504,1.0,2.8,3.925,3.925
3.925,3.925,1,Bournemouth,Manchester City,0,1,0.925889,1.79636,3.925,3.925,1,1.0,2.2,3.9958,4.3526,2.0,0.6,3.925,3.925
3.925,3.925,1,Arsenal,Newcastle United,4,1,2.59336,0.217373,3.925,3.925,1,4.2,0.4,3.925,3.925,2.8,2.4,4.159,3.9355999999999995
3.925,3.925,1,Wolverhampton Wanderers,Sheffield United,1,0,1.21618,0.654342,3.925,3.925,1,1.8,1.8,3.925,3.925,1.4,3.2,3.925,3.925
3.925,3.925,1,West Ham,Brentford,4,2,2.06873,1.33683,3.925,3.925,1,0.6,2.8,3.925,3.925,1.2,2.2,3.925,3.925
3.925,3.925,1,Brentford,Chelsea,2,2,2.4732,2.1523,3.925,3.925,1,1.2,2.4,3.925,3.925,1.6,2.0,4.0504,4.071199999999999
3.925,3.925,1,Everton,West Ham,1,3,3.12075,2.17948,3.925,3.925,1,0.8,1.2,3.925,3.925,1.0,2.8,3.925,3.925
2.918,3.207,1,Fulham,Brighton,3,0,1.37604,1.15198,2.918,3.207,1,1.6,1.2,3.925,3.925,2.2,1.6,3.925,3.925
3.925,3.925,1,Newcastle United,Wolverhampton Wanderers,3,0,3.33495,0.507769,3.925,3.925,1,2.6,2.6,4.159,3.9356,2.0,1.8,3.925,3.925
3.925,3.925,1,Nottingham Forest,Liverpool,0,1,0.971466,1.32259,3.925,3.925,1,1.6,2.0,3.925,3.925,3.2,1.4,3.925,3.925
3.925,3.925,1,Tottenham,Crystal Palace,3,1,2.6625,0.277887,3.925,3.925,1,2.0,1.8,3.925,3.925,1.8,2.0,4.071199999999999,4.050399999999999
3.925,3.925,1,Luton,Aston Villa,2,3,2.43312,2.08586,3.925,3.925,1,2.2,2.6,3.925,3.925,2.6,1.6,3.9356,4.159
3.925,3.925,1,Burnley,Bournemouth,0,2,1.60461,1.43616,3.925,3.925,1,0.8,3.2,3.925,3.925,1.0,1.6,3.925,3.925
3.925,3.925,1,Manchester City,Manchester United,3,1,2.64173,0.153764,3.925,3.925,1,1.6,0.4,3.925,3.925,2.4,1.4,3.925,3.925
3.925,3.925,1,Sheffield United,Arsenal,0,6,0.201374,2.47294,3.925,3.925,1,1.0,3.0,3.925,3.925,4.0,0.6,3.925,3.925
3.925,3.925,1,Manchester United,Everton,2,0,2.9016,1.8214,3.925,3.925,1,1.8,1.4,3.925,3.925,1.0,1.8,3.925,3.925
3.925,3.925,1,Bournemouth,Sheffield United,2,2,3.92657,1.91752,3.925,3.925,1,1.2,1.4,3.925,3.925,0.6,3.6,3.925,3.925
3.925,3.925,1,Crystal Palace,Luton,1,1,3.25103,1.08531,3.925,3.925,1,1.4,2.2,4.071199999999999,4.0504,1.8,3.2,3.925,3.925
3.925,3.925,1,Wolverhampton Wanderers,Fulham,2,1,1.29589,2.94155,3.925,3.925,1,1.4,1.6,3.925,3.925,2.2,1.2,3.7236,3.7814
3.925,3.925,1,Arsenal,Brentford,2,1,1.59369,0.733239,3.925,3.925,1,4.8,0.4,3.925,3.925,1.4,2.2,3.925,3.925
3.925,3.925,1,Aston Villa,Tottenham,0,4,1.23267,2.25381,3.925,3.925,1,3.0,1.4,3.925,3.925,2.2,1.6,3.925,3.925
3.925,3.925,1,Brighton,Nottingham Forest,1,0,0.534518,0.687034,3.925,3.925,1,2.2,1.4,3.7814,3.7236,1.4,1.8,3.925,3.925
3.925,3.925,1,West Ham,Burnley,2,2,1.87414,0.88131,3.925,3.925,1,1.4,2.8,3.925,3.925,0.6,3.0,3.925,3.925
3.925,3.925,1,Liverpool,Manchester City,1,1,2.25492,1.37289,3.925,3.925,1,2.6,1.2,3.925,3.925,1.6,0.4,3.925,3.925
3.925,3.925,1,Chelsea,Newcastle United,3,2,1.78315,0.568435,3.925,3.925,1,1.8,2.4,4.050399999999999,4.071199999999999,2.6,2.4,3.925,3.925
3.925,3.925,1,Bournemouth,Luton,4,3,2.84403,2.79419,3.925,3.925,1,1.4,1.6,3.925,3.925,1.2,2.6,3.925,3.925
3.925,3.925,1,Luton,Nottingham Forest,1,1,0.853782,1.95268,3.925,3.925,1,1.6,2.8,3.925,3.925,1.2,1.8,3.925,3.925
3.925,3.925,1,Burnley,Brentford,2,1,2.69776,1.25123,3.925,3.925,1,0.6,3.0,3.925,3.925,1.2,2.6,3.925,3.925
3.925,3.925,1,Fulham,Tottenham,3,0,2.47234,2.14564,3.925,3.925,1,2.0,1.2,3.7236,3.781399999999999,2.4,1.2,3.925,3.925
3.925,3.925,1,West Ham,Aston Villa,1,1,1.32829,0.911274,3.925,3.925,1,1.8,2.6,3.925,3.925,2.0,2.2,3.925,3.925
3.925,3.925,1,Newcastle United,West Ham,4,3,3.80922,0.994584,3.925,3.925,1,2.2,2.2,3.925,3.925,2.0,1.6,3.925,3.925
3.925,3.925,1,Bournemouth,Everton,2,1,1.39268,0.93378,3.925,3.925,1,2.0,1.6,3.925,3.925,0.6,1.8,3.925,3.925
3.925,3.925,1,Chelsea,Burnley,2,2,4.46643,2.10422,3.925,3.925,1,2.2,2.0,4.0504,4.071199999999999,0.8,2.6,3.925,3.925
3.925,3.925,1,Nottingham Forest,Crystal Palace,1,1,0.784652,0.900972,3.925,3.925,1,1.0,1.4,3.925,3.925,1.4,1.6,4.0712,4.0504
3.925,3.925,1,Sheffield United,Fulham,3,3,1.78824,1.10254,3.925,3.925,1,1.0,3.0,3.925,3.925,2.0,1.0,3.7236,3.7814
3.925,3.925,1,Tottenham,Luton,2,1,2.46523,0.402402,3.925,3.925,1,2.0,1.4,3.925,3.925,1.6,2.6,3.925,3.925
3.925,3.925,1,Aston Villa,Wolverhampton Wanderers,2,0,1.28271,1.66232,3.925,3.925,1,2.0,2.0,3.925,3.925,1.0,1.4,3.925,3.925
3.925,3.925,1,Brentford,Manchester United,1,1,3.16487,0.989565,3.925,3.925,1,1.2,2.2,3.925,3.925,1.6,1.4,3.925,3.925
3.925,3.925,1,Liverpool,Brighton,2,1,3.21149,0.43922,3.925,3.925,1,2.6,0.8,3.925,3.925,1.6,1.2,3.781399999999999,3.7236
3.925,3.925,1,Manchester City,Arsenal,0,0,1.22009,0.511402,3.925,3.925,1,1.4,0.6,3.925,3.925,4.6,0.4,3.925,3.925
3.925,3.925,1,Nottingham Forest,Fulham,3,1,1.94619,1.04304,3.925,3.925,1,0.8,1.6,3.925,3.925,2.4,1.2,3.7236,3.781399999999999
3.925,3.925,1,Newcastle United,Everton,1,1,2.65009,1.69834,3.925,3.925,1,2.4,2.4,3.925,3.925,0.8,1.8,3.925,3.925
3.925,3.925,1,Bournemouth,Crystal Palace,1,0,1.30969,0.174389,3.925,3.925,1,2.0,1.4,3.925,3.925,1.4,1.2,3.925,3.925
3.925,3.925,1,Burnley,Wolverhampton Wanderers,1,1,1.12581,1.01021,3.925,3.925,1,1.2,2.0,3.925,3.925,1.0,1.4,3.925,3.925
3.925,3.925,1,West Ham,Tottenham,1,1,1.47017,1.39423,3.925,3.925,1,2.6,2.0,3.925,3.925,2.0,1.4,3.925,3.925
3.925,3.925,1,Arsenal,Luton,2,0,1.14384,0.292082,3.925,3.925,1,3.4,0.4,3.925,3.925,1.6,2.2,3.925,3.925
3.925,3.925,1,Brentford,Brighton,0,0,0.423299,1.22404,3.925,3.925,1,1.4,2.2,3.925,3.925,1.6,1.2,3.7814,3.7236
3.925,3.925,1,Manchester City,Aston Villa,4,1,3.87704,1.18643,3.925,3.925,1,1.2,0.4,3.925,3.925,2.0,1.8,3.925,3.925
3.925,3.925,1,Liverpool,Sheffield United,3,1,2.51772,0.720948,3.925,3.925,1,2.4,0.8,3.925,3.925,1.0,3.4,3.925,3.925
3.925,3.925,1,Chelsea,Manchester United,4,3,3.48048,1.56686,3.925,3.925,1,2.2,1.6,4.0504,4.0712,1.4,1.4,3.925,3.925
3.925,3.925,1,Crystal Palace,Manchester City,2,4,1.49472,2.26381,3.925,3.925,1,1.2,1.2,3.925,3.925,1.8,0.6,3.925,3.925
3.925,3.925,1,Aston Villa,Brentford,3,3,1.16333,1.42064,3.925,3.925,1,1.4,2.2,3.925,3.925,1.0,1.4,3.925,3.925
3.925,3.925,1,Everton,Burnley,1,0,0.659844,0.34699,3.925,3.925,1,0.8,1.8,3.925,3.925,1.4,1.6,3.925,3.925
3.925,3.925,1,Fulham,Newcastle United,0,1,0.834564,1.18012,3.925,3.925,1,2.2,1.6,3.7236,3.7814,2.2,2.2,3.925,3.925
3.925,3.925,1,Luton,Bournemouth,2,1,1.30478,0.616108,3.925,3.925,1,1.2,2.0,3.925,3.925,2.2,1.2,3.925,3.925
3.925,3.925,1,Wolverhampton Wanderers,West Ham,1,2,1.78341,1.14133,3.925,3.925,1,0.8,1.4,3.925,3.925,2.0,1.8,3.925,3.925
3.925,3.925,1,Brighton,Arsenal,0,3,0.428514,4.16518,3.925,3.925,1,0.6,1.2,3.781399999999999,3.7236,2.8,0.4,3.925,3.925
3.925,3.925,1,Manchester United,Liverpool,2,2,0.814509,4.43457,3.925,3.925,1,1.6,2.0,3.925,3.925,2.2,0.8,3.925,3.925
3.925,3.925,1,Sheffield United,Chelsea,2,2,1.74265,0.521789,3.925,3.925,1,1.2,3.0,3.925,3.925,2.4,2.0,3.925,3.925
3.925,3.925,1,Tottenham,Nottingham Forest,3,1,1.61978,2.00122,3.925,3.925,1,2.0,1.2,3.925,3.925,1.0,1.0,3.925,3.925
3.925,3.925,1,Newcastle United,Tottenham,4,0,3.1483,0.737596,3.925,3.925,1,2.2,1.4,3.925,3.925,2.0,1.2,3.925,3.925
3.925,3.925,1,Nottingham Forest,Wolverhampton Wanderers,2,2,1.76244,1.45688,3.925,3.925,1,1.2,1.4,3.925,3.925,0.8,1.8,3.925,3.925
3.925,3.925,1,Manchester City,Luton,5,1,4.64245,0.809775,3.925,3.925,1,2.4,1.0,3.925,3.925,1.4,2.0,3.925,3.925
3.925,3.925,1,Brentford,Sheffield United,2,0,1.09071,0.834498,3.925,3.925,1,1.2,1.6,3.925,3.925,1.6,3.2,3.925,3.925
3.925,3.925,1,Burnley,Brighton,1,1,1.8522,0.889445,3.925,3.925,1,1.4,1.4,3.925,3.925,0.4,1.6,3.7814,3.7236
3.925,3.925,1,Bournemouth,Manchester United,2,2,2.38519,1.52274,3.925,3.925,1,2.0,1.6,3.925,3.925,1.8,2.0,3.925,3.925
3.925,3.925,1,Liverpool,Crystal Palace,0,1,3.04497,2.12879,3.925,3.925,1,1.8,1.0,3.925,3.925,1.0,2.0,3.925,3.925
3.925,3.925,1,West Ham,Fulham,0,2,1.45307,3.61413,3.925,3.925,1,1.8,1.8,3.925,3.925,1.6,1.8,3.925,3.925
3.925,3.925,1,Arsenal,Aston Villa,0,2,1.89003,0.929049,3.925,3.925,1,2.6,0.2,3.925,3.925,1.4,2.4,3.925,3.925
3.925,3.925,1,Chelsea,Everton,6,0,3.37093,1.21791,3.925,3.925,1,2.6,2.2,3.925,3.925,0.8,1.6,3.925,3.925
3.925,3.925,1,Sheffield United,Burnley,1,4,1.97816,2.42338,3.925,3.925,1,1.6,2.4,3.925,3.925,1.2,1.2,3.925,3.925
3.925,3.925,1,Luton,Brentford,1,5,0.497799,3.7809,3.925,3.925,1,1.0,2.2,3.925,3.925,1.4,1.2,3.925,3.925
3.925,3.925,1,Wolverhampton Wanderers,Arsenal,0,2,0.164516,1.66179,3.925,3.925,1,1.2,1.6,3.925,3.925,1.4,0.6,3.925,3.925
3.925,3.925,1,Everton,Nottingham Forest,2,0,0.473233,1.18916,3.925,3.925,1,0.6,2.2,3.925,3.925,1.6,1.6,3.925,3.925
3.925,3.925,1,Aston Villa,Bournemouth,3,1,2.62687,2.05211,3.925,3.925,1,1.8,1.6,3.925,3.925,2.0,1.6,3.925,3.925
3.925,3.925,1,Crystal Palace,West Ham,5,2,3.7185,1.34536,3.925,3.925,1,1.0,1.4,3.925,3.925,1.4,1.8,3.925,3.925
3.925,3.925,1,Fulham,Liverpool,1,3,0.83885,1.02445,3.925,3.925,1,1.8,1.4,3.925,3.925,1.6,1.2,3.925,3.925
3.925,3.925,1,Arsenal,Chelsea,5,0,3.45858,1.60343,3.925,3.925,1,1.4,0.4,3.925,3.925,3.4,1.8,3.925,3.925
3.925,3.925,1,Wolverhampton Wanderers,Bournemouth,0,1,0.484454,2.40311,3.925,3.925,1,0.8,1.8,3.925,3.925,1.4,1.6,3.925,3.925
3.925,3.925,1,Crystal Palace,Newcastle United,2,0,1.43661,0.55129,3.925,3.925,1,1.8,1.6,3.925,3.925,2.4,1.4,3.925,3.925
3.925,3.925,1,Everton,Liverpool,2,0,1.89111,1.87155,3.925,3.925,1,1.0,1.8,3.925,3.925,2.0,1.2,3.925,3.925
3.925,3.925,1,Manchester United,Sheffield United,4,2,3.51311,1.20517,3.925,3.925,1,2.0,1.8,3.925,3.925,1.4,2.8,3.925,3.925
3.925,3.925,1,Brighton,Manchester City,0,4,0.572021,1.90507,3.925,3.925,1,0.6,1.2,3.925,3.925,2.8,1.0,3.925,3.925
3.925,3.925,1,West Ham,Liverpool,2,2,0.794025,2.29298,3.925,3.925,1,1.6,2.6,3.925,3.925,1.6,1.4,3.925,3.925
3.925,3.925,1,Wolverhampton Wanderers,Luton,2,1,1.49011,0.90435,3.925,3.925,1,0.8,1.6,3.925,3.925,1.0,3.0,3.925,3.925
3.925,3.925,1,Newcastle United,Sheffield United,5,1,2.93477,1.82408,3.925,3.925,1,2.0,1.2,3.925,3.925,1.2,3.0,3.925,3.925
3.925,3.925,1,Fulham,Crystal Palace,1,1,1.39418,1.05387,3.925,3.925,1,1.4,2.0,3.925,3.925,2.0,1.4,3.925,3.925
3.925,3.925,1,Manchester United,Burnley,1,1,3.06197,1.89591,3.925,3.925,1,2.4,2.2,3.925,3.925,1.6,1.2,3.925,3.925
3.925,3.925,1,Everton,Brentford,1,0,1.21399,0.956356,3.925,3.925,1,1.2,1.4,3.925,3.925,2.2,1.0,3.925,3.925
3.925,3.925,1,Aston Villa,Chelsea,2,2,0.612257,1.56401,3.925,3.925,1,2.2,1.6,3.925,3.925,2.8,2.4,3.925,3.925
3.925,3.925,1,Bournemouth,Brighton,3,0,2.48132,1.35682,3.925,3.925,1,1.2,1.4,3.925,3.925,0.4,2.0,3.925,3.925
3.925,3.925,1,Tottenham,Arsenal,2,3,2.60458,1.51469,3.925,3.925,1,1.2,2.0,3.925,3.925,2.4,0.4,3.925,3.925
3.925,3.925,1,Nottingham Forest,Manchester City,0,2,2.17312,0.932063,3.925,3.925,1,1.4,1.8,3.925,3.925,3.4,0.8,3.925,3.925
3.925,3.925,1,Chelsea,Tottenham,2,0,2.22432,1.27064,3.925,3.925,1,2.8,2.4,3.925,3.925,1.6,2.0,3.925,3.925
3.925,3.925,1,Luton,Everton,1,1,0.950391,1.22959,3.925,3.925,1,1.0,3.0,3.925,3.925,1.2,1.2,3.925,3.925
3.925,3.925,1,Arsenal,Bournemouth,3,0,3.91372,0.4687,3.925,3.925,1,2.6,0.8,3.925,3.925,1.6,1.4,3.925,3.925
3.925,3.925,1,Brentford,Fulham,0,0,0.809379,1.45579,3.925,3.925,1,2.0,1.0,3.925,3.925,1.0,1.6,3.925,3.925
3.925,3.925,1,Burnley,Newcastle United,1,4,1.28632,4.25643,3.925,3.925,1,1.4,1.0,3.925,3.925,2.2,0.8,3.925,3.925
3.925,3.925,1,Sheffield United,Nottingham Forest,1,3,2.48986,1.93818,3.925,3.925,1,1.2,3.4,3.925,3.925,1.2,2.0,3.925,3.925
3.177,2.341,1,Manchester City,Wolverhampton Wanderers,5,1,4.52542,0.396887,3.177,2.341,1,3.8,0.8,3.925,3.925,1.0,1.6,3.925,3.925
3.925,3.925,1,Brighton,Aston Villa,1,0,2.63566,0.0644055,3.925,3.925,1,0.2,2.2,3.925,3.925,2.2,2.0,3.925,3.925
3.925,3.925,1,Chelsea,West Ham,5,0,4.21838,0.893899,3.925,3.925,1,2.4,1.8,3.925,3.925,1.4,2.2,3.925,3.925
3.925,3.925,1,Liverpool,Tottenham,4,2,3.26222,1.17205,3.925,3.925,1,1.4,1.6,3.925,3.925,1.2,2.2,3.925,3.925
3.925,3.925,1,Crystal Palace,Manchester United,4,0,2.0656,0.341417,3.925,3.925,1,2.2,1.4,3.925,3.925,2.4,2.2,3.925,3.925
3.925,3.925,1,Fulham,Manchester City,0,4,0.0886245,3.15218,3.925,3.925,1,0.8,1.0,3.925,3.925,4.0,0.8,3.7754,3.6082
3.925,3.925,1,Wolverhampton Wanderers,Crystal Palace,1,3,1.1561,2.51452,3.925,3.925,1,1.0,2.2,3.608199999999999,3.7754,2.6,0.6,3.925,3.925
3.925,3.925,1,West Ham,Luton,3,1,3.71009,0.640456,3.925,3.925,1,1.2,3.0,3.925,3.925,1.2,2.8,3.925,3.925
3.196,0.04,1,Tottenham,Burnley,2,1,3.00238,0.950331,3.196,0.04,1,1.4,2.8,3.925,3.925,1.4,1.6,3.925,3.925
3.925,3.925,1,Everton,Sheffield United,1,0,1.82411,0.465523,3.925,3.925,1,1.2,1.4,3.925,3.925,1.0,3.6,3.925,3.925
3.925,3.925,1,Bournemouth,Brentford,1,2,1.07237,1.92722,3.925,3.925,1,1.4,1.6,3.925,3.925,2.0,1.0,3.925,3.925
3.925,3.925,1,Newcastle United,Brighton,1,1,2.45163,1.91556,3.925,3.925,1,2.8,0.8,3.925,3.925,0.4,2.2,3.925,3.925
3.925,3.925,1,Nottingham Forest,Chelsea,2,3,2.44569,2.41068,3.925,3.925,1,1.2,2.0,3.925,3.925,3.0,1.4,3.925,3.925
3.084,3.377,1,Manchester United,Arsenal,0,1,0.551669,1.73104,3.084,3.377,1,1.8,2.2,3.925,3.925,2.6,0.8,3.925,3.925
3.925,3.925,1,Aston Villa,Liverpool,3,3,2.71655,1.89968,3.925,3.925,1,2.0,1.4,3.925,3.925,1.8,1.6,3.925,3.925
3.925,3.925,1,Tottenham,Manchester City,0,2,1.84285,2.70331,3.925,3.925,1,1.2,2.8,3.7792000000000003,3.1479999999999997,4.0,0.4,3.7754,3.608199999999999
3.925,3.925,1,Brighton,Chelsea,1,2,1.32423,1.544,3.925,3.925,1,0.6,1.8,3.925,3.925,2.4,1.8,3.925,3.925
3.925,3.925,1,Manchester United,Newcastle United,3,2,1.49706,2.27657,3.925,3.925,1,1.4,2.0,3.7567999999999997,3.8153999999999995,2.8,1.0,3.925,3.925
3.925,3.925,1,Luton,Fulham,2,4,2.06743,1.11598,3.925,3.925,1,1.0,3.2,3.925,3.925,0.8,1.6,3.925,3.925
3.925,3.925,1,Liverpool,Wolverhampton Wanderers,2,0,5.65937,0.731254,3.925,3.925,1,2.4,2.0,3.925,3.925,0.8,2.4,3.6082,3.7754
3.925,3.925,1,Manchester City,West Ham,3,1,2.31504,0.240159,3.925,3.925,1,3.4,0.2,3.7754,3.6082,1.4,3.0,3.925,3.925
3.925,3.925,1,Crystal Palace,Aston Villa,5,0,2.23189,0.598846,3.925,3.925,1,3.0,0.8,3.925,3.925,2.0,1.4,3.925,3.925
3.925,3.925,1,Sheffield United,Tottenham,0,3,0.697312,3.19675,3.925,3.925,1,1.0,3.4,3.925,3.925,1.2,2.4,3.7792000000000003,3.1479999999999997
3.925,3.925,1,Burnley,Nottingham Forest,1,2,1.08222,1.57962,3.925,3.925,1,1.6,1.8,3.1479999999999997,3.7792000000000003,1.4,2.0,3.925,3.925
3.925,3.925,1,Brighton,Manchester United,0,2,1.9717,1.00404,3.925,3.925,1,0.6,2.0,3.925,3.925,1.6,2.0,3.7567999999999997,3.8153999999999995
3.925,3.925,1,Brentford,Newcastle United,2,4,1.70157,3.65044,3.925,3.925,1,1.8,0.6,3.925,3.925,2.4,1.6,3.925,3.925
3.925,3.925,1,Arsenal,Everton,2,1,3.2117,0.664904,3.925,3.925,1,2.8,0.4,3.8153999999999995,3.7567999999999997,1.4,0.2,3.925,3.925
3.925,3.925,1,Chelsea,Bournemouth,2,1,1.59771,2.002,3.925,3.925,1,2.8,1.0,3.925,3.925,1.2,1.6,3.925,3.925
3.925,3.925,1,Manchester United,Fulham,1,0,2.04268,0.418711,3.925,3.925,1,1.2,1.6,3.7567999999999997,3.8153999999999995,1.2,2.0,3.925,3.925
3.925,3.925,1,Ipswich,Liverpool,0,2,0.342601,3.92906,3.925,3.925,1,1.4,1.5,3.925,3.925,2.2,1.8,3.925,3.925
3.925,3.925,1,Arsenal,Wolverhampton Wanderers,2,0,1.6283,0.575835,3.925,3.925,1,2.8,0.6,3.8153999999999995,3.7567999999999997,0.8,2.4,3.608199999999999,3.7754
3.925,3.925,1,Everton,Brighton,0,3,0.405325,1.79083,3.925,3.925,1,1.2,0.6,3.925,3.925,0.6,1.6,3.925,3.925
3.925,3.925,1,Newcastle United,Southampton,1,0,0.433489,1.95483,3.925,3.925,1,3.2,1.6,3.925,3.925,1.4,1.4,3.925,3.925
3.925,3.925,1,Nottingham Forest,Bournemouth,1,1,1.24405,1.90915,3.925,3.925,1,1.4,1.8,3.925,3.925,1.2,1.4,3.925,3.925
3.925,3.925,1,West Ham,Aston Villa,1,2,2.8047,2.6703,3.925,3.925,1,1.6,3.2,3.925,3.925,1.6,2.4,3.925,3.925
3.925,3.925,1,Brentford,Crystal Palace,2,1,1.38064,1.14757,3.925,3.925,1,1.8,1.4,3.925,3.925,3.0,0.4,3.925,3.925
3.925,3.925,1,Chelsea,Manchester City,0,2,1.06123,1.18038,3.925,3.925,1,2.8,0.8,3.925,3.925,3.2,0.4,3.7754,3.608199999999999
3.925,3.925,1,Leicester,Tottenham,1,1,1.02614,1.40775,3.925,3.925,1,1.4,1.5,3.925,3.925,1.4,1.8,3.7792000000000003,3.1479999999999997
3.925,3.925,1,Brighton,Manchester United,2,1,2.14153,1.28556,3.925,3.925,1,1.2,1.0,3.925,3.925,1.2,1.4,3.7567999999999997,3.8153999999999995
3.925,3.925,1,Crystal Palace,West Ham,0,2,1.3761,1.53421,3.925,3.925,1,2.8,0.8,3.925,3.925,1.4,2.6,3.925,3.925
3.925,3.925,1,Fulham,Leicester,2,1,1.96218,0.857005,3.925,3.925,1,1.0,1.6,3.925,3.925,1.0,1.0,3.925,3.925
3.925,3.925,1,Manchester City,Ipswich,4,1,3.07818,0.479999,3.925,3.925,1,3.2,0.4,3.7754,3.6082,0.0,2.0,3.925,3.925
3.925,3.925,1,Southampton,Nottingham Forest,0,1,0.214952,2.86475,3.925,3.925,1,0.0,1.0,3.925,3.925,1.6,1.6,3.925,3.925
3.925,3.925,1,Tottenham,Everton,4,0,2.61143,0.648869,3.925,3.925,1,1.6,1.6,3.7792000000000003,3.1479999999999997,0.8,1.2,3.925,3.925
3.925,3.925,1,Aston Villa,Arsenal,0,2,1.31664,1.41399,3.925,3.925,1,1.4,2.4,3.925,3.925,2.2,0.6,3.8153999999999995,3.7567999999999997
3.925,3.925,1,Wolverhampton Wanderers,Chelsea,2,6,2.4181,2.02935,3.925,3.925,1,0.8,2.6,3.6082,3.7754,2.4,1.2,3.925,3.925
3.925,3.925,1,Bournemouth,Newcastle United,1,1,2.53513,1.89287,3.925,3.925,1,1.2,1.6,3.925,3.925,2.4,1.4,3.925,3.925
3.925,3.925,1,Liverpool,Brentford,2,0,2.71877,0.457239,3.925,3.925,1,2.6,1.4,3.925,3.925,1.2,1.4,3.925,3.925
3.925,3.925,1,Arsenal,Brighton,1,1,2.41798,1.81748,3.925,3.925,1,2.0,0.2,3.8153999999999995,3.7567999999999997,1.4,1.2,3.925,3.925
3.925,3.925,1,Brentford,Southampton,3,1,3.86281,1.64713,3.925,3.925,1,1.2,1.6,3.925,3.925,0.0,1.0,3.925,3.925
3.925,3.925,1,Everton,Bournemouth,2,3,2.55629,2.95688,3.925,3.925,1,0.6,2.0,3.925,3.925,0.8,1.8,3.925,3.925
3.925,3.925,1,Ipswich,Fulham,1,1,0.707048,1.18883,3.925,3.925,1,0.5,3.0,3.925,3.925,1.2,1.6,3.925,3.925
3.925,3.925,1,Leicester,Aston Villa,1,2,0.774741,2.16385,3.925,3.925,1,1.0,1.5,3.925,3.925,1.0,2.4,3.925,3.925
3.925,3.925,1,Nottingham Forest,Wolverhampton Wanderers,1,1,1.41069,0.937632,3.925,3.925,1,1.8,1.2,3.925,3.925,0.8,3.6,3.608199999999999,3.7754
3.925,3.925,1,West Ham,Manchester City,1,3,0.947201,3.19297,3.925,3.925,1,1.4,2.2,3.925,3.925,3.0,0.4,3.925,3.925
3.925,3.925,1,Newcastle United,Tottenham,2,1,1.58694,1.63304,3.925,3.925,1,1.8,1.4,3.925,3.925,2.0,0.8,3.7792000000000003,3.1479999999999997
4.552,4.656,1,Chelsea,Crystal Palace,1,1,2.97743,0.459708,4.552,4.656,1,2.6,1.6,3.925,3.925,2.6,1.0,3.925,3.925
3.925,3.925,1,Manchester United,Liverpool,0,3,1.50087,2.10397,3.925,3.925,1,1.4,1.0,3.7567999999999997,3.8153999999999995,2.6,1.0,3.925,3.925
3.925,3.925,1,Southampton,Manchester United,0,3,1.35593,3.02693,3.925,3.925,1,0.3333333333333333,1.6666666666666667,3.925,3.925,1.4,1.4,3.925,3.925
3.925,3.925,1,Manchester City,Brentford,2,1,1.55279,1.05094,3.925,3.925,1,2.8,0.6,3.925,3.925,1.8,1.8,3.925,3.925
3.925,3.925,1,Crystal Palace,Leicester,2,2,2.88716,1.65187,3.925,3.925,1,2.0,1.2,4.071199999999999,4.0504,1.0,1.6666666666666667,3.925,3.925
3.925,3.925,1,Brighton,Ipswich,0,0,1.75696,0.721323,3.925,3.925,1,1.4,1.2,3.925,3.925,0.6666666666666666,2.3333333333333335,3.925,3.925
3.925,3.925,1,Fulham,West Ham,1,1,2.88601,0.682719,3.925,3.925,1,1.4,1.8,3.925,3.925,1.6,1.8,3.925,3.925
3.925,3.925,1,Liverpool,Nottingham Forest,0,1,1.17044,0.589532,3.925,3.925,1,2.4,0.6,3.925,3.925,1.4,1.2,3.925,3.925
3.925,3.925,1,Aston Villa,Everton,3,2,3.15876,0.852158,3.925,3.925,1,1.4,2.4,3.925,3.925,0.8,2.4,3.925,3.925
3.925,3.925,1,Bournemouth,Chelsea,0,1,1.53731,0.932726,3.925,3.925,1,1.4,1.6,3.925,3.925,2.2,1.4,4.0504,4.071199999999999
3.925,3.925,1,Tottenham,Arsenal,0,1,0.792595,1.1209,3.925,3.925,1,1.8,1.0,3.925,3.925,1.6,0.4,3.8153999999999995,3.7567999999999997
3.925,3.925,1,Wolverhampton Wanderers,Newcastle United,1,2,1.46969,1.48343,3.925,3.925,1,0.8,2.8,3.925,3.925,2.0,1.4,3.925,3.925
3.925,3.925,1,West Ham,Chelsea,0,3,0.758267,2.39727,3.925,3.925,1,1.2,1.8,3.925,3.925,2.0,1.2,4.0504,4.071199999999999
3.925,3.925,1,Aston Villa,Wolverhampton Wanderers,3,1,2.37351,0.520117,3.925,3.925,1,1.4,2.2,3.925,3.925,0.8,2.6,3.925,3.925
3.925,3.925,1,Tottenham,Brentford,3,1,3.89481,0.893565,3.925,3.925,1,1.8,0.8,3.925,3.925,1.6,2.0,3.925,3.925
3.925,3.925,1,Fulham,Newcastle United,3,1,3.21141,1.09768,3.925,3.925,1,1.6,1.2,3.925,3.925,2.0,1.0,3.925,3.925
3.925,3.925,1,Leicester,Everton,1,1,1.33793,1.82377,3.925,3.925,1,1.25,1.75,3.925,3.925,1.0,3.0,3.925,3.925
6.063,4.279,1,Liverpool,Bournemouth,3,0,2.43731,1.46979,6.063,4.279,1,1.8,0.2,3.925,3.925,1.2,1.4,3.925,3.925
3.925,3.925,1,Southampton,Ipswich,1,1,2.89813,1.645,3.925,3.925,1,0.25,2.0,3.925,3.925,0.5,1.75,3.925,3.925
3.925,3.925,1,Crystal Palace,Manchester United,0,0,1.66928,2.35056,3.925,3.925,1,1.8,1.4,4.071199999999999,4.0504,1.4,1.0,3.925,3.925
3.925,3.925,1,Brighton,Nottingham Forest,2,2,1.56836,1.36923,3.925,3.925,1,1.2,0.8,3.925,3.925,1.2,0.6,3.925,3.925
3.925,3.925,1,Manchester City,Arsenal,2,2,2.75588,1.28411,3.925,3.925,1,2.8,0.8,3.925,3.925,1.6,0.4,3.925,3.925
3.925,3.925,1,Newcastle United,Manchester City,1,1,1.34344,1.26516,3.925,3.925,1,1.4,1.2,3.925,3.925,2.6,1.0,3.925,3.925
3.925,3.925,1,Nottingham Forest,Fulham,0,1,0.614351,1.43592,3.925,3.925,1,1.2,0.8,3.925,3.925,1.4,1.0,3.925,3.925
3.925,3.925,1,Everton,Crystal Palace,2,1,1.10959,1.12358,3.925,3.925,1,1.0,2.8,3.925,3.925,0.8,1.4,4.071199999999999,4.050399999999999
3.925,3.925,1,Arsenal,Leicester,4,2,6.05305,0.337909,3.925,3.925,1,1.6,0.6,3.925,3.925,1.2,1.6,3.925,3.925
3.925,3.925,1,Brentford,West Ham,1,1,0.370222,0.878617,3.925,3.925,1,1.4,1.8,3.925,3.925,1.0,1.8,3.925,3.925
3.925,3.925,1,Chelsea,Brighton,4,2,3.65839,1.20712,3.925,3.925,1,2.2,1.0,4.050399999999999,4.071199999999999,1.6,0.8,3.925,3.925
3.925,3.925,1,Wolverhampton Wanderers,Liverpool,1,2,0.748925,2.11724,3.925,3.925,1,1.0,2.8,3.925,3.925,2.0,0.2,4.3526,3.9958
3.925,3.925,1,Ipswich,Aston Villa,2,2,1.84608,1.14494,3.925,3.925,1,0.6,1.6,3.925,3.925,2.0,1.4,3.925,3.925
3.925,3.925,1,Manchester United,Tottenham,0,3,0.600721,5.4072,3.925,3.925,1,1.0,1.0,3.925,3.925,1.8,1.0,3.925,3.925
3.925,3.925,1,Bournemouth,Southampton,3,1,1.44215,0.696068,3.925,3.925,1,1.0,1.6,3.9958,4.3526,0.4,1.8,3.925,3.925
3.925,3.925,1,Crystal Palace,Liverpool,0,1,0.609481,2.07332,3.925,3.925,1,0.8,1.4,4.0712,4.0504,2.0,0.4,4.3526,3.9958
3.925,3.925,1,Leicester,Bournemouth,1,0,0.912063,1.94963,3.925,3.925,1,1.4,2.2,3.925,3.925,1.4,1.6,3.9958,4.3526
3.925,3.925,1,Manchester City,Fulham,3,2,1.36684,2.75846,3.925,3.925,1,2.4,1.2,3.925,3.925,1.6,0.8,3.925,3.925
3.925,3.925,1,West Ham,Ipswich,4,1,4.39402,1.18463,3.925,3.925,1,1.0,1.6,3.925,3.925,1.0,1.6,3.925,3.925
3.925,3.925,1,Arsenal,Southampton,3,1,3.25165,1.27313,3.925,3.925,1,2.0,1.0,3.925,3.925,0.6,2.2,3.925,3.925
3.925,3.925,1,Brentford,Wolverhampton Wanderers,5,3,4.13513,0.696254,3.925,3.925,1,1.2,1.8,3.925,3.925,1.2,2.8,3.925,3.925
3.925,3.925,1,Everton,Newcastle United,0,0,0.692214,1.79048,3.925,3.925,1,1.4,2.4,3.925,3.925,1.4,1.4,3.925,3.925
3.925,3.925,1,Aston Villa,Manchester United,0,0,0.532809,0.448537,3.925,3.925,1,2.0,1.6,3.925,3.925,0.8,1.6,3.925,3.925
3.925,3.925,1,Chelsea,Nottingham Forest,1,1,2.27752,1.66654,3.925,3.925,1,3.0,1.0,4.0504,4.0712,1.0,0.8,3.925,3.925
3.925,3.925,1,Brighton,Tottenham,3,2,1.97217,1.09279,3.925,3.925,1,1.4,1.6,3.925,3.925,2.2,0.8,3.925,3.925
3.925,3.925,1,Tottenham,West Ham,4,1,1.44052,0.858803,3.925,3.925,1,1.8,1.4,3.925,3.925,1.4,1.8,3.925,3.925
3.925,3.925,1,Fulham,Aston Villa,1,3,2.63074,1.43595,3.925,3.925,1,1.6,1.2,3.925,3.925,2.0,1.2,3.925,3.925
3.925,3.925,1,Ipswich,Everton,0,2,1.174,1.60804,3.925,3.925,1,1.0,1.6,3.925,3.925,1.4,1.6,3.925,3.925
3.925,3.925,1,Manchester United,Brentford,2,1,1.76555,0.892843,3.925,3.925,1,0.6,1.2,3.925,3.925,2.2,2.0,3.925,3.925
3.925,3.925,1,Newcastle United,Brighton,0,1,1.93657,1.6779,3.925,3.925,1,1.2,1.2,3.925,3.925,1.6,1.8,3.925,3.925
3.925,3.925,1,Southampton,Leicester,2,3,2.42776,2.83826,3.925,3.925,1,0.8,2.6,3.925,3.925,1.4,1.8,3.925,3.925
3.925,3.925,1,Bournemouth,Arsenal,2,0,2.18419,0.740758,3.925,3.925,1,1.2,1.6,3.9958,4.352600000000001,2.2,1.2,3.925,3.925
2.341,3.177,1,Wolverhampton Wanderers,Manchester City,1,2,0.761217,1.36569,2.341,3.177,1,1.4,2.6,3.925,3.925,2.2,1.4,3.925,3.925
3.925,3.925,1,Liverpool,Chelsea,2,1,2.22517,1.33904,3.925,3.925,1,1.8,0.4,4.352600000000001,3.9958,2.0,0.8,4.0504,4.071199999999999
3.925,3.925,1,Nottingham Forest,Crystal Palace,1,0,1.88573,0.835001,3.925,3.925,1,1.0,1.0,3.925,3.925,0.8,1.2,4.071199999999999,4.0504
3.925,3.925,1,Leicester,Nottingham Forest,1,3,0.832415,2.54488,3.925,3.925,1,1.8,1.8,3.925,3.925,1.0,0.8,3.925,3.925
3.925,3.925,1,Manchester City,Southampton,1,0,3.16286,0.369989,3.925,3.925,1,2.0,1.4,3.7754,3.608199999999999,1.0,2.6,3.925,3.925
3.925,3.925,1,Aston Villa,Bournemouth,1,1,1.974,0.328651,3.925,3.925,1,2.2,1.2,3.925,3.925,1.0,1.2,3.9958,4.3526
3.925,3.925,1,Brentford,Ipswich,4,3,4.09663,1.65698,3.925,3.925,1,1.8,2.2,3.925,3.925,0.8,1.8,3.925,3.925
3.925,3.925,1,Brighton,Wolverhampton Wanderers,2,2,1.51347,1.11074,3.925,3.925,1,1.6,1.6,3.925,3.925,1.4,2.8,3.608199999999999,3.7754
3.925,3.925,1,Everton,Fulham,1,1,0.884845,1.49531,3.925,3.925,1,1.4,1.0,3.925,3.925,1.6,1.6,3.925,3.925
3.925,3.925,1,Crystal Palace,Tottenham,1,0,0.978611,1.0192,3.925,3.925,1,0.6,1.2,3.925,3.925,2.4,1.2,3.925,3.925
3.925,3.925,1,West Ham,Manchester United,2,1,2.99312,2.62598,3.925,3.925,1,1.4,2.0,3.925,3.925,1.0,0.8,3.925,3.925
3.925,3.925,1,Chelsea,Newcastle United,2,1,1.61794,1.74225,3.925,3.925,1,2.0,1.0,3.925,3.925,0.8,1.2,3.925,3.925
3.925,3.925,1,Arsenal,Liverpool,2,2,1.0883,1.35346,3.925,3.925,1,2.0,1.4,3.925,3.925,1.6,0.6,4.3526,3.9958
3.925,3.925,1,Newcastle United,Arsenal,1,0,0.859715,0.911305,3.925,3.925,1,0.6,1.4,3.925,3.925,2.2,1.8,3.925,3.925
3.925,3.925,1,Bournemouth,Manchester City,2,1,2.4493,2.3527,3.925,3.925,1,1.2,1.2,3.9958,4.3526,1.8,1.2,3.7754,3.6082
3.925,3.925,1,Ipswich,Leicester,1,1,1.33617,2.33858,3.925,3.925,1,1.4,2.6,3.925,3.925,1.6,2.0,3.925,3.925
3.925,3.925,1,Liverpool,Brighton,2,1,1.81037,1.01568,3.925,3.925,1,2.0,0.8,4.3526,3.9958,2.0,2.0,3.925,3.925
3.925,3.925,1,Nottingham Forest,West Ham,3,0,2.35011,0.132317,3.925,3.925,1,1.4,1.0,3.925,3.925,1.6,2.0,3.925,3.925
3.925,3.925,1,Southampton,Everton,1,0,0.540345,1.78581,3.925,3.925,1,1.0,2.2,3.925,3.925,1.2,0.6,3.925,3.925
3.925,3.925,1,Wolverhampton Wanderers,Crystal Palace,2,2,1.65018,2.64849,3.925,3.925,1,1.6,2.8,3.6082,3.7754,0.4,0.8,3.925,3.925
3.925,3.925,1,Tottenham,Aston Villa,4,1,2.09751,2.48749,3.925,3.925,1,2.4,1.2,3.925,3.925,1.8,1.0,3.925,3.925
3.925,3.925,1,Manchester United,Chelsea,1,1,2.1605,1.21071,3.925,3.925,1,0.6,1.2,3.925,3.925,2.2,1.2,3.925,3.925
3.925,3.925,1,Fulham,Brentford,2,1,1.43017,0.739231,3.925,3.925,1,1.6,1.6,3.925,3.925,2.4,2.4,3.925,3.925
3.925,3.925,1,Wolverhampton Wanderers,Southampton,2,0,0.912781,0.792655,3.925,3.925,1,1.8,2.6,3.608199999999999,3.7754,1.0,2.0,3.925,3.925
3.925,3.925,1,West Ham,Everton,0,0,1.1237,0.865983,3.925,3.925,1,1.6,2.0,3.925,3.925,1.0,0.6,3.925,3.925
3.925,3.925,1,Crystal Palace,Fulham,0,2,1.96037,2.25331,3.925,3.925,1,0.8,1.2,3.925,3.925,1.4,1.6,3.925,3.925
3.925,3.925,1,Brentford,Bournemouth,3,2,1.56474,2.49234,3.925,3.925,1,2.4,2.2,3.925,3.925,1.6,0.8,3.925,3.925
3.925,3.925,1,Brighton,Manchester City,2,1,2.87116,2.60334,3.925,3.925,1,1.8,2.0,3.925,3.925,1.6,1.2,3.7754,3.608199999999999
3.925,3.925,1,Liverpool,Aston Villa,2,0,2.68196,1.66337,3.925,3.925,1,1.8,1.0,3.925,3.925,1.4,1.6,3.925,3.925
3.925,3.925,1,Nottingham Forest,Newcastle United,1,3,1.17852,1.86904,3.925,3.925,1,1.6,0.6,3.925,3.925,0.6,0.8,3.925,3.925
3.925,3.925,1,Manchester United,Leicester,3,0,1.2369,0.417295,3.925,3.925,1,0.8,1.4,3.925,3.925,1.6,2.0,3.925,3.925
3.925,3.925,1,Tottenham,Ipswich,1,2,1.75088,2.18392,3.925,3.925,1,2.6,1.2,3.925,3.925,1.4,2.6,3.925,3.925
3.925,3.925,1,Chelsea,Arsenal,1,1,1.24067,1.9605,3.925,3.925,1,1.8,1.4,3.925,3.925,1.8,1.6,3.925,3.925
3.925,3.925,1,Leicester,Chelsea,1,2,0.967987,2.81658,3.925,3.925,1,1.2,1.8,3.925,3.925,1.2,1.2,3.925,3.925
3.925,3.925,1,Fulham,Wolverhampton Wanderers,1,4,0.717158,1.33903,3.925,3.925,1,1.6,1.6,3.925,3.925,2.0,2.2,3.6082,3.7754
3.925,3.925,1,Everton,Brentford,0,0,1.5951,1.34314,3.925,3.925,1,0.6,0.4,3.925,3.925,2.8,2.4,3.925,3.925
3.925,3.925,1,Aston Villa,Crystal Palace,2,2,3.04455,1.61437,3.925,3.925,1,1.0,1.6,3.925,3.925,0.6,1.2,3.925,3.925
3.925,3.925,1,Bournemouth,Brighton,1,2,1.91157,1.23059,3.925,3.925,1,1.4,1.2,3.925,3.925,1.8,1.4,3.925,3.925
3.925,3.925,1,Arsenal,Nottingham Forest,3,0,1.66016,0.403136,3.925,3.925,1,1.2,1.4,3.925,3.925,1.8,1.0,3.925,3.925
3.925,3.925,1,Manchester City,Tottenham,0,4,2.15899,3.30449,3.925,3.925,1,1.6,1.4,3.7754,3.6082,2.2,1.6,3.925,3.925
3.925,3.925,1,Southampton,Liverpool,2,3,1.53985,3.18835,3.925,3.925,1,0.8,1.8,3.925,3.925,1.8,0.8,3.925,3.925
3.925,3.925,1,Ipswich,Manchester United,1,1,1.98714,1.26912,3.925,3.925,1,1.4,2.4,3.925,3.925,1.4,0.8,3.925,3.925
3.925,3.925,1,Newcastle United,West Ham,0,2,1.49781,0.942824,3.925,3.925,1,1.0,0.8,3.925,3.925,1.4,1.8,3.925,3.925
3.925,3.925,1,Brighton,Southampton,1,1,1.86986,0.934969,3.925,3.925,1,1.6,1.2,3.925,3.925,1.0,1.8,3.925,3.925
3.925,3.925,1,Wolverhampton Wanderers,Bournemouth,2,4,0.866034,3.07901,3.925,3.925,1,2.2,1.4,3.608199999999999,3.7754,1.6,1.4,3.925,3.925
3.925,3.925,1,Brentford,Leicester,4,1,2.21885,0.907555,3.925,3.925,1,1.8,1.8,3.925,3.925,1.2,2.2,3.925,3.925
3.925,3.925,1,Crystal Palace,Newcastle United,1,1,2.29595,0.020989,3.925,3.925,1,1.0,1.4,3.925,3.925,1.0,1.2,3.925,3.925
3.925,3.925,1,Nottingham Forest,Ipswich,1,0,1.76587,0.462771,3.925,3.925,1,1.6,1.4,3.925,3.925,1.4,1.8,3.925,3.925
3.925,3.925,1,West Ham,Arsenal,2,5,1.23539,3.99935,3.925,3.925,1,1.0,1.6,3.925,3.925,1.2,1.2,3.925,3.925
3.925,3.925,1,Chelsea,Aston Villa,3,0,1.94939,0.875443,3.925,3.925,1,1.4,1.2,3.925,3.925,1.4,2.0,3.925,3.925
3.925,3.925,1,Manchester United,Everton,4,0,1.76161,0.766749,3.925,3.925,1,1.6,1.0,3.925,3.925,0.6,0.4,3.925,3.925
3.925,3.925,1,Tottenham,Fulham,1,1,1.01086,1.57274,3.925,3.925,1,2.6,1.0,3.925,3.925,1.4,1.8,3.925,3.925
3.925,3.925,1,Liverpool,Manchester City,2,0,3.70054,0.745015,3.925,3.925,1,2.2,1.2,3.925,3.925,1.0,1.8,3.7754,3.608199999999999
3.925,3.925,1,Ipswich,Crystal Palace,0,1,0.471708,1.65422,3.925,3.925,1,1.4,1.6,3.925,3.925,1.2,1.4,3.925,3.925
3.925,3.925,1,Leicester,West Ham,3,1,2.78061,2.87716,3.925,3.925,1,0.8,2.6,3.925,3.925,1.2,1.8,3.925,3.925
3.925,3.925,1,Everton,Wolverhampton Wanderers,4,0,1.49904,0.847724,3.925,3.925,1,0.2,1.2,3.925,3.925,2.4,1.8,3.925,3.925
3.925,3.925,1,Manchester City,Nottingham Forest,3,0,3.20169,0.802155,3.925,3.925,1,0.6,2.0,3.925,3.925,1.6,1.4,3.925,3.925
3.925,3.925,1,Newcastle United,Liverpool,3,3,1.52057,2.22766,3.925,3.925,1,1.2,1.2,3.925,3.925,2.2,1.0,3.925,3.925
3.925,3.925,1,Southampton,Chelsea,1,5,1.91014,5.8331,3.925,3.925,1,0.8,1.4,3.925,3.925,1.8,0.8,3.925,3.925
3.377,3.084,1,Arsenal,Manchester United,2,0,2.96684,0.256083,3.377,3.084,1,2.2,1.2,3.925,3.925,2.0,0.8,3.925,3.925
3.925,3.925,1,Aston Villa,Brentford,3,1,3.21673,1.13266,3.925,3.925,1,0.8,2.4,3.925,3.925,2.4,1.6,3.925,3.925
2.918,3.207,1,Fulham,Brighton,3,1,0.666644,1.09939,2.918,3.207,1,1.4,1.4,3.925,3.925,1.6,1.4,3.925,3.925
3.925,3.925,1,Bournemouth,Tottenham,1,0,3.27716,0.623934,3.925,3.925,1,2.0,1.8,3.925,3.925,2.0,1.0,3.925,3.925
3.925,3.925,1,Aston Villa,Southampton,1,0,2.51338,0.385832,3.925,3.925,1,1.2,2.4,3.925,3.925,1.0,2.2,3.925,3.925
3.925,3.925,1,Brentford,Newcastle United,4,2,1.746,1.95645,3.925,3.925,1,1.8,1.6,3.925,3.925,1.6,1.4,3.925,3.925
3.925,3.925,1,Crystal Palace,Manchester City,2,2,1.21476,1.5846,3.925,3.925,1,1.2,1.4,3.925,3.925,1.0,2.0,3.925,3.925
3.925,3.925,1,Manchester United,Nottingham Forest,2,3,1.4697,0.651217,3.925,3.925,1,1.8,0.8,3.7567999999999997,3.8153999999999995,1.0,1.8,3.925,3.925
3.925,3.925,1,Fulham,Arsenal,1,1,0.150988,2.4333,3.925,3.925,1,1.8,1.4,3.7236,3.781399999999999,2.2,0.8,3.8153999999999995,3.7567999999999997
3.925,3.925,1,Ipswich,Bournemouth,1,2,1.5668,3.49127,3.925,3.925,1,0.8,1.0,3.925,3.925,2.0,1.6,3.925,3.925
3.925,3.925,1,Leicester,Brighton,2,2,1.42438,1.12184,3.925,3.925,1,1.2,2.2,3.925,3.925,1.4,1.6,3.781399999999999,3.7236
3.925,3.925,1,Tottenham,Chelsea,3,4,3.25488,2.57326,3.925,3.925,1,2.0,1.0,3.925,3.925,2.4,0.8,3.925,3.925
3.925,3.925,1,West Ham,Wolverhampton Wanderers,2,1,1.19808,1.47567,3.925,3.925,1,1.0,2.2,3.925,3.925,2.0,2.2,3.925,3.925
3.925,3.925,1,Newcastle United,Leicester,4,0,3.95461,0.186759,3.925,3.925,1,1.8,2.2,3.925,3.925,1.4,2.4,3.925,3.925
3.925,3.925,1,Wolverhampton Wanderers,Ipswich,1,2,1.23748,1.73349,3.925,3.925,1,1.8,2.2,3.925,3.925,0.8,1.2,3.925,3.925
3.925,3.925,1,Liverpool,Fulham,2,2,2.09698,1.2862,3.925,3.925,1,2.4,1.2,3.925,3.925,1.6,1.4,3.7236,3.7814
3.925,3.925,1,Arsenal,Everton,0,0,1.30865,0.132166,3.925,3.925,1,2.4,0.8,3.8153999999999995,3.7567999999999997,0.8,1.0,3.925,3.925
3.925,3.925,1,Nottingham Forest,Aston Villa,2,1,2.2861,0.389423,3.925,3.925,1,1.0,2.2,3.925,3.925,1.2,1.6,3.925,3.925
3.925,3.925,1,Brighton,Crystal Palace,1,3,1.32323,3.00618,3.925,3.925,1,1.6,1.6,3.7814,3.7236,1.2,1.4,3.925,3.925
3.925,3.925,1,Manchester City,Manchester United,1,2,0.638103,2.04662,3.925,3.925,1,1.2,2.0,3.925,3.925,2.0,1.2,3.7567999999999997,3.8153999999999995
3.925,3.925,1,Chelsea,Brentford,2,1,2.59146,1.65861,3.925,3.925,1,3.0,1.2,3.925,3.925,2.4,1.6,3.925,3.925
3.925,3.925,1,Southampton,Tottenham,0,5,1.27356,3.89322,3.925,3.925,1,0.8,2.4,3.925,3.925,1.8,1.6,3.925,3.925
3.925,3.925,1,Bournemouth,West Ham,1,1,2.04842,1.81827,3.925,3.925,1,2.0,1.6,3.925,3.925,1.4,1.8,3.925,3.925
3.925,3.925,1,Aston Villa,Manchester City,2,1,2.05988,1.09627,3.925,3.925,1,1.4,1.6,3.925,3.925,1.2,2.0,3.925,3.925
3.925,3.925,1,West Ham,Brighton,1,1,1.22937,1.34379,3.925,3.925,1,1.6,2.0,3.925,3.925,1.4,2.0,3.781399999999999,3.7236
3.925,3.925,1,Ipswich,Newcastle United,0,4,1.06427,3.23386,3.925,3.925,1,0.8,1.2,3.925,3.925,2.0,2.0,3.925,3.925
4.797,3.925,1,Brentford,Nottingham Forest,0,2,0.769004,0.964897,4.797,3.925,1,2.0,1.6,3.925,3.925,1.2,1.8,3.925,3.925
3.925,3.925,1,Crystal Palace,Arsenal,1,5,1.6052,3.05434,3.925,3.925,1,1.8,1.2,3.925,3.925,2.2,0.6,3.8153999999999995,3.7567999999999997
3.925,3.925,1,Fulham,Southampton,0,0,1.25255,0.280031,3.925,3.925,1,1.6,1.8,3.7236,3.781399999999999,0.8,3.0,3.925,3.925
3.925,3.925,1,Everton,Chelsea,0,0,1.07081,1.51591,3.925,3.925,1,0.8,0.8,3.925,3.925,3.2,1.2,3.925,3.925
3.925,3.925,1,Manchester United,Bournemouth,0,3,2.28533,1.82831,3.925,3.925,1,1.8,1.4,3.7567999999999997,3.8153999999999995,1.8,1.2,3.925,3.925
3.925,3.925,1,Leicester,Wolverhampton Wanderers,0,3,0.78868,1.13531,3.925,3.925,1,1.4,2.6,3.925,3.925,1.6,2.6,3.925,3.925
3.925,3.925,1,Tottenham,Liverpool,3,6,1.20245,5.20214,3.925,3.925,1,2.6,1.2,3.925,3.925,2.4,1.4,3.925,3.925
3.925,3.925,1,Manchester City,Everton,1,1,2.51965,0.653289,3.925,3.925,1,1.4,1.6,3.925,3.925,0.8,0.8,3.925,3.925
3.925,3.925,1,Southampton,West Ham,0,1,2.19833,1.90111,3.925,3.925,1,0.4,2.4,3.925,3.925,1.4,2.2,3.925,3.925
5.095,3.978,1,Newcastle United,Aston Villa,3,0,2.82867,0.225522,5.095,3.978,1,2.8,1.6,3.925,3.925,1.4,1.4,3.925,3.925
3.925,3.925,1,Nottingham Forest,Tottenham,1,0,1.30018,1.05758,3.925,3.925,1,1.6,1.2,3.925,4.0994,2.4,2.4,3.925,3.925
3.925,3.925,1,Bournemouth,Crystal Palace,0,0,1.20189,0.500066,3.925,3.925,1,2.2,0.8,3.925,3.925,1.6,1.8,3.925,3.925
3.925,3.925,1,Chelsea,Fulham,1,2,1.55626,1.77929,3.925,3.925,1,2.8,1.0,3.925,3.925,1.4,1.0,3.7236,3.7814
3.925,3.925,1,Wolverhampton Wanderers,Manchester United,2,0,0.826489,0.358876,3.925,3.925,1,1.4,2.4,3.925,3.925,1.6,1.8,3.7567999999999997,3.8153999999999995
3.925,3.925,1,Liverpool,Leicester,3,1,1.89935,0.22097,3.925,3.925,1,3.2,2.0,3.925,3.925,1.2,2.8,3.925,3.925
3.925,3.925,1,Brighton,Brentford,0,0,1.33538,0.961233,3.925,3.925,1,1.2,2.0,3.7814,3.7236,2.0,2.0,4.0994,3.925
3.925,3.925,1,Arsenal,Ipswich,1,0,2.16462,0.0783327,3.925,3.925,1,2.6,0.8,3.8153999999999995,3.7567999999999997,0.6,1.8,3.925,3.925
3.925,3.925,1,Leicester,Manchester City,0,2,1.84208,1.58002,3.925,3.925,1,1.2,2.6,3.925,3.925,1.6,1.4,3.925,3.925
3.925,3.925,1,Tottenham,Wolverhampton Wanderers,2,2,2.28433,0.640697,3.925,3.925,1,2.2,2.4,3.925,3.925,1.4,1.6,3.925,3.925
3.925,3.925,1,Crystal Palace,Southampton,2,1,3.05417,1.21853,3.925,3.925,1,1.4,1.6,3.925,3.925,0.2,2.4,3.925,3.925
3.925,3.925,1,Everton,Nottingham Forest,0,2,0.615191,2.02753,3.925,3.925,1,1.0,1.0,3.925,3.925,1.6,1.2,3.925,4.0994
3.925,3.925,1,Fulham,Bournemouth,2,2,0.961566,1.70692,3.925,3.925,1,1.6,1.0,3.7236,3.781399999999999,1.4,0.4,3.925,3.925
3.925,3.925,1,West Ham,Liverpool,0,5,0.518279,3.29868,3.925,3.925,1,1.2,1.2,3.925,3.925,3.2,1.8,3.925,3.925
3.925,3.925,1,Aston Villa,Brighton,2,2,1.87997,0.938042,3.925,3.925,1,1.4,1.4,3.9356,4.159,1.0,1.8,3.781399999999999,3.7236
3.925,3.925,1,Ipswich,Chelsea,2,0,1.50093,1.60622,3.925,3.925,1,0.6,1.8,3.925,3.925,2.4,1.4,3.925,3.925
3.925,3.925,1,Manchester United,Newcastle United,0,2,1.00073,2.2424,3.925,3.925,1,0.8,2.2,3.7567999999999997,3.8153999999999995,3.2,1.4,4.159,3.9356
3.925,3.925,1,Brentford,Arsenal,1,3,0.272604,1.99848,3.925,3.925,1,1.2,1.8,4.0994,3.925,1.8,0.4,3.8153999999999995,3.7567999999999997
3.925,3.925,1,Tottenham,Newcastle United,1,2,1.00333,2.42963,3.925,3.925,1,2.6,2.6,3.925,3.925,3.0,0.8,4.159,3.9355999999999995
3.925,3.925,1,Bournemouth,Everton,1,0,2.61852,0.561015,3.925,3.925,1,1.6,0.8,3.925,3.925,1.0,0.6,3.925,3.925
3.925,3.925,1,Aston Villa,Leicester,2,1,2.3456,0.81548,3.925,3.925,1,1.2,1.6,3.9355999999999995,4.159,0.6,2.8,3.925,3.925
4.656,4.552,1,Crystal Palace,Chelsea,1,1,1.2766,1.51541,4.656,4.552,1,1.6,1.8,3.925,3.925,1.4,1.6,3.925,3.925
3.925,3.925,1,Manchester City,West Ham,4,1,1.97986,1.53286,3.925,3.925,1,1.4,1.4,3.925,3.925,1.0,1.6,3.925,3.925
3.925,3.925,1,Southampton,Brentford,0,5,0.249614,5.54874,3.925,3.925,1,0.2,1.8,3.925,3.925,1.2,1.8,4.0994,3.925
3.925,3.925,1,Brighton,Arsenal,1,1,1.76513,1.81142,3.925,3.925,1,1.2,1.6,3.925,3.925,2.0,0.6,3.925,3.925
3.925,3.925,1,Fulham,Ipswich,2,2,2.65469,1.4434,3.925,3.925,1,1.4,1.2,3.925,3.925,1.0,1.6,3.925,3.925
3.925,3.925,1,Liverpool,Manchester United,2,2,2.862,1.67469,3.925,3.925,1,3.8,1.8,3.925,3.925,0.8,2.2,3.925,3.925
3.925,3.925,1,Wolverhampton Wanderers,Nottingham Forest,0,3,1.90463,2.57227,3.925,3.925,1,1.8,1.2,3.925,3.925,2.0,0.6,3.925,4.0994
3.925,3.925,1,Chelsea,Bournemouth,2,2,2.53808,1.14845,3.925,3.925,1,0.8,1.2,4.0504,4.071199999999999,1.4,0.6,3.925,3.925
3.925,3.925,1,Brentford,Manchester City,2,2,2.39088,2.65315,3.925,3.925,1,1.4,1.4,4.0994,3.925,1.8,1.2,3.925,3.925
3.925,3.925,1,West Ham,Fulham,3,2,0.937322,2.83581,3.925,3.925,1,0.8,2.2,3.925,3.925,1.6,1.4,3.925,3.925
3.925,3.925,1,Nottingham Forest,Liverpool,1,1,0.5292,2.72291,3.925,3.925,1,2.0,0.2,3.925,4.0994,3.6,1.6,3.925,3.925
3.925,3.925,1,Everton,Aston Villa,0,1,1.23126,1.28522,3.925,3.925,1,0.2,0.8,3.925,3.925,1.4,1.8,3.9356,4.159000000000001
3.925,3.925,1,Leicester,Crystal Palace,0,2,2.09904,2.2647,3.925,3.925,1,0.4,2.8,3.925,3.925,1.4,1.6,4.071199999999999,4.0504
3.925,3.925,1,Newcastle United,Wolverhampton Wanderers,3,0,2.13327,1.47433,3.925,3.925,1,3.0,0.2,4.159000000000001,3.9356,1.6,1.4,3.925,3.925
3.925,3.925,1,Arsenal,Tottenham,2,1,2.25501,0.777071,3.925,3.925,1,2.0,0.6,3.925,3.925,2.2,2.2,3.925,3.925
3.925,3.925,1,Ipswich,Brighton,0,2,0.268127,1.06343,3.925,3.925,1,1.2,1.6,3.925,3.925,1.0,1.4,3.925,3.925
3.925,3.925,1,Manchester United,Southampton,3,1,3.10847,1.36705,3.925,3.925,1,0.8,2.0,3.925,3.925,0.2,2.6,3.925,3.925
3.925,3.925,1,Newcastle United,Bournemouth,1,4,0.837801,2.70174,3.925,3.925,1,2.8,0.2,4.159,3.9355999999999995,1.6,0.8,3.925,3.925
3.925,3.925,1,West Ham,Crystal Palace,0,2,0.221062,1.62561,3.925,3.925,1,1.2,2.4,3.925,3.925,1.2,1.4,4.071199999999999,4.0504
3.925,3.925,1,Brentford,Liverpool,0,2,1.20021,4.16249,3.925,3.925,1,1.6,1.4,4.0994,3.925,3.4,1.4,3.925,3.925
3.925,3.925,1,Leicester,Fulham,0,2,0.676934,2.36823,3.925,3.925,1,0.4,2.4,3.925,3.925,1.6,1.6,3.925,3.925
3.925,3.925,1,Arsenal,Aston Villa,2,2,1.64458,1.20602,3.925,3.925,1,2.4,0.8,3.925,3.925,1.4,1.4,3.9355999999999995,4.159
3.925,3.925,1,Everton,Tottenham,3,2,2.56089,1.35719,3.925,3.925,1,0.2,1.0,3.925,3.925,1.4,2.6,3.925,3.925
3.925,3.925,1,Manchester United,Brighton,1,3,1.31823,2.17172,3.925,3.925,1,1.0,2.0,3.925,3.925,1.2,0.8,3.925,3.925
3.925,3.925,1,Nottingham Forest,Southampton,3,2,2.36419,1.25922,3.925,3.925,1,1.8,0.2,3.925,4.0994,0.4,2.2,3.925,3.925
3.925,3.925,1,Ipswich,Manchester City,0,6,0.795637,3.20228,3.925,3.925,1,0.8,1.8,3.925,3.925,2.0,1.2,3.925,3.925
3.925,3.925,1,Chelsea,Wolverhampton Wanderers,3,1,3.14882,1.06726,3.925,3.925,1,0.8,1.4,4.0504,4.071199999999999,1.4,1.6,3.925,3.925
3.925,3.925,1,Southampton,Newcastle United,1,3,0.825621,3.08319,3.925,3.925,1,0.8,2.8,3.925,3.925,2.2,1.0,4.159,3.9356
3.925,3.925,1,Wolverhampton Wanderers,Arsenal,0,1,0.514724,0.887358,3.925,3.925,1,1.0,2.2,3.925,3.925,1.8,1.0,3.925,3.925
3.925,3.925,1,Liverpool,Ipswich,4,1,2.16809,0.804707,3.925,3.925,1,2.6,0.8,3.925,3.925,0.8,2.2,3.925,3.925
3.925,3.925,1,Brighton,Everton,0,1,0.64378,0.870883,3.925,3.925,1,1.6,0.8,3.925,3.925,0.8,1.4,3.925,3.925
3.925,3.925,1,Bournemouth,Nottingham Forest,5,0,2.8254,0.996166,3.925,3.925,1,1.8,1.0,3.925,3.925,2.0,0.6,3.925,3.925
3.925,3.925,1,Manchester City,Chelsea,3,1,2.23213,1.49843,3.925,3.925,1,3.0,0.8,3.925,3.925,1.4,1.6,4.050399999999999,4.0712
3.925,3.925,1,Crystal Palace,Brentford,1,2,1.23177,1.92037,3.925,3.925,1,1.4,0.4,4.0712,4.050399999999999,1.6,1.4,3.925,3.925
3.925,3.925,1,Tottenham,Leicester,1,2,1.27483,1.40469,3.925,3.925,1,1.2,2.0,3.925,3.925,0.4,2.2,3.925,3.925
3.925,3.925,1,Aston Villa,West Ham,1,1,0.907851,1.67886,3.925,3.925,1,1.4,1.6,3.9356,4.159,1.0,2.6,3.925,3.925
3.925,3.925,1,Fulham,Manchester United,0,1,0.560571,0.201988,3.925,3.925,1,2.0,1.6,3.925,3.925,1.2,2.0,3.925,3.925
3.925,3.925,1,Nottingham Forest,Brighton,7,0,4.0677,0.756296,3.925,3.925,1,1.8,1.6,3.925,3.925,1.6,1.0,3.925,3.925
3.925,3.925,1,Everton,Leicester,4,0,3.11261,0.447136,3.925,3.925,1,0.8,1.2,3.925,3.925,0.6,1.8,3.925,3.925
3.925,3.925,1,Ipswich,Southampton,1,2,1.94845,1.17566,3.925,3.925,1,1.0,2.8,3.925,3.925,1.0,3.2,3.925,3.925
4.279,6.063,1,Bournemouth,Liverpool,0,2,1.65273,2.7219,4.279,6.063,1,2.8,1.0,3.925,3.925,2.8,0.8,3.925,3.925
3.925,3.925,1,Newcastle United,Fulham,1,2,1.22716,1.60881,3.925,3.925,1,2.2,1.2,3.925,3.925,1.6,1.6,3.925,3.925
3.925,3.925,1,Wolverhampton Wanderers,Aston Villa,2,0,2.00146,0.742809,3.925,3.925,1,0.6,2.4,3.925,3.925,1.6,1.2,3.925,3.925
3.925,3.925,1,Brentford,Tottenham,0,2,1.66475,0.945355,3.925,3.925,1,2.0,1.6,3.925,3.925,1.4,2.2,3.925,3.925
3.925,3.925,1,Manchester United,Crystal Palace,0,2,1.50706,2.44633,3.925,3.925,1,1.4,1.6,3.925,3.925,1.6,0.8,4.071199999999999,4.0504
3.925,3.925,1,Arsenal,Manchester City,5,1,1.53202,0.743191,3.925,3.925,1,1.8,1.0,3.925,3.925,3.4,0.8,3.925,3.925
3.925,3.925,1,Chelsea,West Ham,2,1,1.39066,1.1868,3.925,3.925,1,1.4,1.8,4.0504,4.071199999999999,1.0,2.8,3.925,3.925
3.925,3.925,1,Everton,Liverpool,2,2,0.910523,0.929103,3.925,3.925,1,1.6,0.8,3.925,3.925,2.2,0.8,4.3526,3.9958
3.925,3.925,1,Brighton,Chelsea,3,0,2.06892,0.649788,3.925,3.925,1,1.2,2.0,3.925,3.925,1.8,1.6,4.0504,4.071199999999999
3.925,3.925,1,Leicester,Arsenal,0,2,0.233209,1.75,3.925,3.925,1,0.6,2.2,3.925,3.925,2.2,1.0,3.925,3.925
3.925,3.925,1,Southampton,Bournemouth,1,3,0.974418,2.08722,3.925,3.925,1,1.2,3.0,3.925,3.925,2.4,1.0,3.9958,4.3526
3.925,3.925,1,Manchester City,Newcastle United,4,0,2.12004,0.157211,3.925,3.925,1,3.2,1.8,3.925,3.925,2.0,1.6,3.925,3.925
3.925,3.925,1,West Ham,Brentford,0,1,0.673466,1.96499,3.925,3.925,1,1.2,2.2,3.925,3.925,1.8,1.4,3.925,3.925
3.925,3.925,1,Aston Villa,Ipswich,1,1,2.89841,0.332864,3.925,3.925,1,1.2,1.2,3.925,3.925,0.8,3.2,3.925,3.925
3.925,3.925,1,Fulham,Nottingham Forest,2,1,2.20993,0.331301,3.925,3.925,1,1.6,1.4,3.925,3.925,2.8,1.6,3.925,3.925
3.925,3.925,1,Crystal Palace,Everton,1,2,2.30646,1.01565,3.925,3.925,1,1.6,0.6,4.071199999999999,4.0504,2.0,1.0,3.925,3.925
3.925,3.925,1,Liverpool,Wolverhampton Wanderers,2,1,1.86758,1.05329,3.925,3.925,1,2.2,0.8,4.3526,3.9958,0.6,2.0,3.925,3.925
3.925,3.925,1,Tottenham,Manchester United,1,0,1.97109,1.42652,3.925,3.925,1,1.4,1.8,3.925,3.925,1.4,1.6,3.925,3.925
3.925,3.925,1,Aston Villa,Liverpool,2,2,1.02269,2.04279,3.925,3.925,1,1.0,1.2,3.925,3.925,2.4,0.8,4.352600000000001,3.9958
3.925,3.925,1,Leicester,Brentford,0,4,0.727901,2.03465,3.925,3.925,1,0.4,2.2,3.925,3.925,1.0,1.4,3.925,3.925
3.925,3.925,1,Everton,Manchester United,2,2,2.10444,0.645685,3.925,3.925,1,2.4,1.0,3.925,3.925,1.0,1.4,3.925,3.925
3.925,3.925,1,Ipswich,Tottenham,1,4,1.15389,1.58741,3.925,3.925,1,0.6,3.0,3.925,3.925,1.4,1.4,3.925,3.925
3.925,3.925,1,Bournemouth,Wolverhampton Wanderers,0,1,0.629691,2.10124,3.925,3.925,1,2.8,1.2,3.9958,4.352600000000001,0.8,1.8,3.925,3.925
3.925,3.925,1,Arsenal,West Ham,0,1,1.37264,1.02684,3.925,3.925,1,2.4,0.8,3.925,3.925,1.0,1.6,3.925,3.925
3.925,3.925,1,Fulham,Crystal Palace,0,2,0.23426,1.46203,3.925,3.925,1,1.6,1.2,3.925,3.925,1.6,0.8,3.925,3.925
3.925,3.925,1,Southampton,Brighton,0,4,0.154147,5.12018,3.925,3.925,1,1.4,2.6,3.925,3.925,1.6,1.8,3.925,3.925
3.925,3.925,1,Aston Villa,Chelsea,2,1,2.69413,2.17418,3.925,3.925,1,1.2,1.6,3.925,3.925,1.6,2.0,3.925,3.925
3.925,3.925,1,Newcastle United,Nottingham Forest,4,3,3.45858,2.38603,3.925,3.925,1,1.6,2.2,3.925,3.925,2.4,2.0,3.925,3.925
3.925,3.925,1,Manchester City,Liverpool,0,2,0.58248,0.807058,3.925,3.925,1,3.2,1.6,3.925,3.925,2.4,1.2,4.3526,3.9958
3.925,3.925,1,Brighton,Bournemouth,2,1,2.57927,1.70169,3.925,3.925,1,2.0,1.8,3.925,3.925,2.4,1.0,3.9958,4.3526
3.925,3.925,1,Wolverhampton Wanderers,Fulham,1,2,0.928973,1.43473,3.925,3.925,1,1.0,1.2,3.925,3.925,1.2,1.0,3.925,3.925
3.925,3.925,1,Crystal Palace,Aston Villa,4,1,4.02522,0.667217,3.925,3.925,1,1.6,0.8,3.925,3.925,1.2,1.4,3.925,3.925
3.925,3.925,1,Chelsea,Southampton,4,0,2.98234,0.845039,3.925,3.925,1,1.4,2.0,3.925,3.925,1.2,2.8,3.925,3.925
3.925,3.925,1,Brentford,Everton,1,1,1.34009,1.44955,3.925,3.925,1,1.4,1.0,3.925,3.925,2.2,1.0,3.925,3.925
3.925,3.925,1,Nottingham Forest,Arsenal,0,0,0.508611,1.31766,3.925,3.925,1,2.8,2.6,3.925,3.925,2.0,0.8,3.925,3.925
3.925,3.925,1,Tottenham,Manchester City,0,1,1.28426,2.38641,3.925,3.925,1,2.0,1.2,3.925,3.925,2.8,1.6,3.925,3.925
3.925,3.925,1,Manchester United,Ipswich,3,2,1.40202,1.04498,3.925,3.925,1,0.8,1.6,3.925,3.925,0.8,3.4,3.925,3.925
3.925,3.925,1,Liverpool,Newcastle United,2,0,1.40027,0.45882,3.925,3.925,1,2.0,1.0,4.3526,3.9958,1.8,2.8,3.925,3.925
3.925,3.925,1,West Ham,Leicester,2,0,1.70437,0.289578,3.925,3.925,1,0.6,1.2,3.925,3.925,0.4,2.6,3.925,3.925
3.925,3.925,1,Nottingham Forest,Manchester City,1,0,0.501476,0.721234,3.925,3.925,1,2.2,2.2,3.925,3.925,1.8,1.6,3.925,3.925
3.207,2.918,1,Brighton,Fulham,2,1,1.94417,0.708227,3.207,2.918,1,1.8,1.8,3.925,3.925,1.2,1.2,3.925,3.925
3.925,3.925,1,Crystal Palace,Ipswich,1,0,3.13879,1.63282,3.925,3.925,1,2.0,1.0,3.925,3.925,1.2,2.8,3.925,3.925
3.925,3.925,1,Liverpool,Southampton,3,1,4.98996,0.511566,3.925,3.925,1,2.0,1.0,3.925,3.925,0.8,3.0,3.925,3.925
3.925,3.925,1,Brentford,Aston Villa,0,1,0.637743,1.29638,3.925,3.925,1,1.6,0.8,3.925,3.925,1.2,2.0,3.925,3.925
3.925,3.925,1,Wolverhampton Wanderers,Everton,1,1,0.812432,1.3672,3.925,3.925,1,1.0,1.0,3.925,3.925,2.2,1.2,3.925,3.925
3.925,3.925,1,Chelsea,Leicester,1,0,1.76844,0.108487,3.925,3.925,1,1.6,1.8,3.925,3.925,0.4,2.6,3.925,3.925
3.925,3.925,1,Tottenham,Bournemouth,2,2,1.35053,2.22536,3.925,3.925,1,1.6,0.8,3.925,3.925,1.8,1.2,3.9958,4.3526
3.084,3.377,1,Manchester United,Arsenal,1,1,1.31107,1.82996,3.084,3.377,1,1.2,1.4,3.925,3.925,1.6,0.4,3.925,3.925
3.925,3.925,1,West Ham,Newcastle United,0,1,0.823986,1.62976,3.925,3.925,1,1.0,0.8,3.925,3.925,1.6,2.4,3.925,3.925
3.925,3.925,1,Southampton,Wolverhampton Wanderers,1,2,1.2821,0.540718,3.925,3.925,1,0.8,3.0,3.925,3.925,1.2,1.0,3.925,3.925
3.925,3.925,1,Manchester City,Brighton,2,2,2.02642,2.11119,3.925,3.925,1,1.2,1.6,3.925,3.925,2.2,1.8,3.781399999999999,3.7236
3.925,3.925,1,Ipswich,Nottingham Forest,2,4,0.520839,1.30722,3.925,3.925,1,1.0,2.2,3.925,3.925,2.4,1.2,3.925,3.925
3.925,3.925,1,Everton,West Ham,1,1,1.189,0.516029,3.925,3.925,1,1.6,1.4,3.925,3.925,0.8,0.8,3.925,3.925
3.925,3.925,1,Bournemouth,Brentford,1,2,2.02714,1.60321,3.925,3.925,1,1.2,1.6,3.9958,4.3526,1.2,0.8,3.925,3.925
3.925,3.925,1,Arsenal,Chelsea,1,0,0.695725,0.286036,3.925,3.925,1,1.6,0.6,3.8153999999999995,3.7567999999999997,1.6,1.2,3.925,3.925
3.925,3.925,1,Fulham,Tottenham,2,0,1.03966,1.40865,3.925,3.925,1,1.4,1.4,3.7236,3.781399999999999,1.8,0.8,3.925,3.925
3.925,3.925,1,Leicester,Manchester United,0,3,1.30455,1.13892,3.925,3.925,1,0.0,2.6,3.925,3.925,1.2,1.6,3.7567999999999997,3.8153999999999995
3.925,3.925,1,Arsenal,Fulham,2,1,2.30189,1.44206,3.925,3.925,1,0.8,0.4,3.8153999999999995,3.7567999999999997,1.4,1.2,3.7236,3.7814
3.925,3.925,1,Wolverhampton Wanderers,West Ham,1,0,1.10359,1.73057,3.925,3.925,1,1.2,1.2,3.925,3.925,0.8,0.6,3.925,3.925
3.925,3.925,1,Nottingham Forest,Manchester United,1,0,0.512063,1.86688,3.925,3.925,1,1.8,1.6,3.925,3.925,1.8,1.2,3.7567999999999997,3.8153999999999995
3.925,3.925,1,Southampton,Crystal Palace,1,1,0.687304,0.93776,3.925,3.925,1,0.6,3.2,3.925,3.925,2.0,0.6,3.925,3.925
3.925,3.925,1,Newcastle United,Brentford,2,1,2.26584,1.53201,3.925,3.925,1,1.2,2.2,3.925,3.925,1.6,0.6,3.925,3.925
3.925,3.925,1,Bournemouth,Ipswich,1,2,1.99637,1.41263,3.925,3.925,1,1.4,1.6,3.925,3.925,1.2,2.6,3.925,3.925
3.925,3.925,1,Brighton,Aston Villa,0,3,0.558009,1.20715,3.925,3.925,1,2.6,0.8,3.7814,3.7236,1.4,1.6,3.925,3.925
3.925,3.925,1,Manchester City,Leicester,2,0,2.07165,0.104741,3.925,3.925,1,1.4,1.0,3.925,3.925,0.0,2.4,3.925,3.925
3.925,3.925,1,Liverpool,Everton,1,0,1.29718,0.823136,3.925,3.925,1,2.2,0.8,3.925,3.925,1.4,1.2,3.925,3.925
3.925,3.925,1,Chelsea,Tottenham,1,0,1.30443,1.40274,3.925,3.925,1,1.2,1.2,3.925,3.925,1.4,1.2,3.925,3.925
3.925,3.925,1,Everton,Arsenal,1,1,1.22875,1.4031,3.925,3.925,1,1.0,1.2,3.925,3.925,0.8,0.6,3.8153999999999995,3.7567999999999997
3.925,3.925,1,Crystal Palace,Brighton,2,1,0.443965,1.27226,3.925,3.925,1,1.8,0.8,3.925,3.925,2.0,1.4,3.781399999999999,3.7236
3.925,3.925,1,Ipswich,Wolverhampton Wanderers,1,2,0.872356,2.8096,3.925,3.925,1,1.4,2.6,3.925,3.925,1.2,0.8,3.925,3.925
3.925,3.925,1,West Ham,Bournemouth,2,2,0.907832,1.94869,3.925,3.925,1,0.8,0.6,3.925,3.925,1.0,1.8,3.925,3.925
3.925,3.925,1,Aston Villa,Nottingham Forest,2,1,2.63349,0.96769,3.925,3.925,1,1.8,1.4,3.925,3.925,1.8,1.2,3.925,3.925
3.925,3.925,1,Tottenham,Southampton,3,1,2.648,0.780439,3.925,3.925,1,1.2,1.4,3.925,3.925,0.6,2.8,3.925,3.925
3.925,3.925,1,Fulham,Liverpool,3,2,1.72764,1.40638,3.925,3.925,1,1.2,1.4,3.7236,3.781399999999999,2.0,0.6,3.925,3.925
3.925,3.925,1,Brentford,Chelsea,0,0,1.36123,1.47829,3.925,3.925,1,1.6,1.0,3.925,3.925,1.4,0.6,3.925,3.925
3.925,3.925,1,Manchester United,Manchester City,0,0,1.23317,0.687894,3.925,3.925,1,1.8,1.2,3.7567999999999997,3.8153999999999995,1.0,1.0,3.925,3.925
3.925,3.925,1,Leicester,Newcastle United,0,3,0.354575,3.44111,3.925,3.925,1,0.0,2.4,3.925,3.925,1.4,2.0,3.925,3.925
3.925,3.925,1,Manchester City,Crystal Palace,5,2,4.59724,1.33808,3.925,3.925,1,1.0,0.6,3.925,3.925,2.0,0.6,3.925,3.925
3.925,3.925,1,Brighton,Leicester,2,2,3.6978,1.98444,3.925,3.925,1,1.4,1.8,3.7814,3.7236,0.0,2.2,3.925,3.925
3.925,3.925,1,Nottingham Forest,Everton,0,1,0.423949,1.26036,3.925,3.925,1,1.4,0.8,3.925,3.925,0.8,1.0,3.925,3.925
3.925,3.925,1,Southampton,Aston Villa,0,3,0.412256,2.99927,3.925,3.925,1,0.8,2.6,3.925,3.925,1.8,1.2,3.925,3.925
3.925,3.925,1,Arsenal,Brentford,1,1,0.767369,0.588583,3.925,3.925,1,1.0,0.6,3.8153999999999995,3.7567999999999997,0.8,1.0,3.925,3.925
3.925,3.925,1,Liverpool,West Ham,2,1,1.42902,1.46598,3.925,3.925,1,2.0,0.8,3.925,3.925,1.0,1.0,3.925,3.925
3.925,3.925,1,Wolverhampton Wanderers,Tottenham,4,2,2.22977,1.62887,3.925,3.925,1,1.4,1.0,3.925,3.925,1.0,1.4,3.925,3.925
3.925,3.925,1,Chelsea,Ipswich,2,2,2.90758,1.60301,3.925,3.925,1,1.2,0.2,3.925,3.925,1.4,2.2,3.925,3.925
3.925,3.925,1,Newcastle United,Manchester United,4,1,2.6383,0.786568,3.925,3.925,1,2.0,1.2,3.925,3.925,1.4,0.8,3.7567999999999997,3.8153999999999995
3.925,3.925,1,Bournemouth,Fulham,1,0,1.8577,1.07203,3.925,3.925,1,1.4,2.0,3.925,3.925,1.8,1.4,3.7236,3.7814
3.925,3.925,1,Newcastle United,Crystal Palace,5,0,2.32947,2.37548,3.925,3.925,1,2.0,0.8,3.925,3.925,2.0,1.6,3.925,3.925
3.925,3.925,1,Brentford,Brighton,4,2,2.95516,1.24107,3.925,3.925,1,0.8,1.0,3.925,3.925,1.4,2.0,3.781399999999999,3.7236
3.925,3.925,1,Crystal Palace,Bournemouth,0,0,0.337818,0.664093,3.925,3.925,1,1.2,2.4,3.925,3.925,1.4,1.6,3.925,3.925
3.925,3.925,1,Everton,Manchester City,0,2,0.81683,1.87989,3.925,3.925,1,0.8,0.8,3.925,3.925,1.8,1.0,3.925,3.925
3.925,3.925,1,West Ham,Southampton,1,1,0.98423,0.922877,3.925,3.925,1,0.8,1.4,3.925,3.925,0.8,2.4,3.925,3.925
3.978,5.095,1,Aston Villa,Newcastle United,4,1,3.05371,1.27176,3.978,5.095,1,2.0,1.0,3.925,3.925,3.0,0.4,3.925,3.925
3.925,3.925,1,Ipswich,Arsenal,0,4,0.192879,2.81362,3.925,3.925,1,1.4,2.0,3.925,3.925,1.2,0.8,3.8153999999999995,3.7567999999999997
3.925,3.925,1,Fulham,Chelsea,1,2,0.306122,0.75172,3.925,3.925,1,1.4,1.4,3.7236,3.781399999999999,0.8,0.6,3.925,3.925
3.925,3.925,1,Manchester United,Wolverhampton Wanderers,0,1,1.13966,0.187814,3.925,3.925,1,1.0,1.2,3.7567999999999997,3.8153999999999995,2.0,1.0,3.925,3.925
3.925,3.925,1,Leicester,Liverpool,0,1,0.232205,4.52706,3.925,3.925,1,0.4,2.2,3.925,3.925,2.0,1.0,3.925,3.925
3.925,3.925,1,Tottenham,Nottingham Forest,1,2,2.4024,0.557682,3.925,3.925,1,1.4,2.0,3.925,3.925,1.4,1.0,3.925,3.925
3.925,3.925,1,Manchester City,Aston Villa,2,1,1.36232,1.85906,3.925,3.925,1,2.2,0.8,3.925,3.925,2.6,0.4,3.9356,4.159
3.925,3.925,1,Arsenal,Crystal Palace,2,2,1.92149,2.50515,3.925,3.925,1,1.8,0.6,3.925,3.925,1.0,2.4,3.925,3.925
3.925,3.925,1,Chelsea,Everton,1,0,0.768313,0.916838,3.925,3.925,1,1.0,0.8,3.925,3.925,0.6,1.0,3.925,3.925
3.925,3.925,1,Brighton,West Ham,3,2,1.29433,1.24134,3.925,3.925,1,1.4,2.6,3.925,3.925,1.0,1.4,3.925,3.925
3.925,3.925,1,Newcastle United,Ipswich,3,0,4.11539,0.127203,3.925,3.925,1,3.0,1.2,4.159,3.9356,1.4,2.6,3.925,3.925
3.925,3.925,1,Southampton,Fulham,1,2,0.935581,1.9956,3.925,3.925,1,0.8,2.0,3.925,3.925,1.4,1.4,3.925,3.925
3.925,3.925,1,Wolverhampton Wanderers,Leicester,3,0,2.57666,1.04978,3.925,3.925,1,2.0,0.8,3.925,3.925,0.4,2.2,3.925,3.925
3.925,3.925,1,Bournemouth,Manchester United,1,1,0.60995,1.91039,3.925,3.925,1,1.0,1.2,3.925,3.925,0.8,1.2,3.925,3.925
3.925,3.925,1,Liverpool,Tottenham,5,1,2.51104,0.512812,3.925,3.925,1,1.8,1.0,3.925,3.925,1.2,2.0,3.925,3.925
3.925,4.797,1,Nottingham Forest,Brentford,0,2,0.670607,1.52054,3.925,4.797,1,1.6,1.2,3.925,3.925,1.6,1.2,3.925,3.925
3.177,2.341,1,Manchester City,Wolverhampton Wanderers,1,0,0.859463,0.622455,3.177,2.341,1,2.2,0.6,3.925,3.925,2.2,0.6,3.925,3.925
3.925,3.925,1,Aston Villa,Fulham,1,0,1.29013,0.702787,3.925,3.925,1,2.6,0.8,3.9355999999999995,4.159,1.4,1.6,3.925,3.925
3.925,3.925,1,Everton,Ipswich,2,2,0.808481,1.14351,3.925,3.925,1,0.4,1.0,3.925,3.925,1.0,2.4,3.925,3.925
3.925,3.925,1,Leicester,Southampton,2,0,1.60739,0.550774,3.925,3.925,1,0.4,2.2,3.925,3.925,0.8,2.0,3.925,3.925
3.925,3.925,1,Arsenal,Bournemouth,1,2,2.05484,1.41783,3.925,3.925,1,2.0,1.0,3.925,3.925,1.0,1.0,3.925,3.925
3.925,3.925,1,West Ham,Tottenham,1,1,1.15166,0.847022,3.925,3.925,1,1.2,1.8,3.925,3.925,1.4,2.6,3.925,3.925
3.925,3.925,1,Brighton,Newcastle United,1,1,0.687863,1.63777,3.925,3.925,1,1.6,2.6,3.925,3.925,3.2,1.0,4.159,3.9355999999999995
3.925,3.925,1,Brentford,Manchester United,4,3,3.58737,1.13404,3.925,3.925,1,1.6,1.0,4.0994,3.925,0.4,1.4,3.925,3.925
3.925,3.925,1,Chelsea,Liverpool,3,1,3.51944,1.4267,3.925,3.925,1,1.2,0.6,3.925,3.925,2.2,1.0,3.925,3.925
3.925,3.925,1,Crystal Palace,Nottingham Forest,1,1,2.34037,0.63684,3.925,3.925,1,1.2,2.6,3.925,3.925,0.8,1.2,3.925,4.0994
3.925,3.925,1,Wolverhampton Wanderers,Brighton,0,2,0.73395,1.41254,3.925,3.925,1,2.0,0.8,3.6082,3.7754,1.8,2.2,3.925,3.925
3.925,3.925,1,Southampton,Manchester City,0,0,0.136995,1.58463,3.925,3.925,1,0.6,2.2,3.925,3.925,2.0,0.6,3.7754,3.6082
3.925,3.925,1,Fulham,Everton,1,3,1.20869,1.32604,3.925,3.925,1,1.2,1.4,3.925,3.925,0.8,1.2,3.925,3.925
3.925,3.925,1,Ipswich,Brentford,0,1,0.717433,1.32077,3.925,3.925,1,1.0,2.6,3.925,3.925,2.2,1.2,4.0994,3.925
3.925,3.925,1,Bournemouth,Aston Villa,0,1,1.02272,1.12376,3.925,3.925,1,1.2,0.8,3.925,3.925,2.2,0.8,3.9356,4.159
3.925,3.925,1,Newcastle United,Chelsea,2,0,1.6703,0.646426,3.925,3.925,1,2.8,1.2,4.159,3.9356,1.6,0.8,3.925,3.925
3.925,3.925,1,Manchester United,West Ham,0,2,2.31287,2.15985,3.925,3.925,1,1.0,2.0,3.925,3.925,1.4,1.8,3.925,3.925
3.925,3.925,1,Nottingham Forest,Leicester,2,2,1.76909,1.22949,3.925,3.925,1,0.8,1.4,3.925,4.0994,0.8,1.8,3.925,3.925
3.925,3.925,1,Tottenham,Crystal Palace,0,2,0.806792,3.98546,3.925,3.925,1,1.6,2.6,3.925,3.925,1.0,2.6,3.925,3.925
3.925,3.925,1,Liverpool,Arsenal,2,2,2.74682,2.18795,3.925,3.925,1,2.2,1.6,3.925,3.925,1.8,1.2,3.925,3.925
3.925,3.925,1,Aston Villa,Tottenham,2,0,1.69061,0.523016,3.925,3.925,1,2.0,0.6,3.9355999999999995,4.159000000000001,1.0,2.8,3.925,3.925
3.925,3.925,1,Chelsea,Manchester United,1,0,1.29571,0.337632,3.925,3.925,1,1.6,1.2,3.925,3.925,1.0,2.4,3.925,3.925
3.925,3.925,1,Everton,Southampton,2,0,2.67793,1.05025,3.925,3.925,1,1.2,1.2,3.925,3.925,0.4,1.6,3.925,3.925
3.925,3.925,1,West Ham,Nottingham Forest,1,2,0.850457,2.14756,3.925,3.925,1,1.4,1.4,3.925,3.925,1.0,1.4,3.925,4.0994
3.925,3.925,1,Brentford,Fulham,2,3,2.43045,1.61741,3.925,3.925,1,2.4,1.2,4.0994,3.925,0.8,1.6,3.925,3.925
3.925,3.925,1,Leicester,Ipswich,2,0,0.788544,1.36957,3.925,3.925,1,1.2,1.6,3.925,3.925,0.8,2.4,3.925,3.925
3.925,3.925,1,Arsenal,Newcastle United,1,0,1.15958,2.24634,3.925,3.925,1,2.0,1.4,3.925,3.925,2.4,1.0,4.159000000000001,3.9355999999999995
3.925,3.925,1,Brighton,Liverpool,3,2,2.17789,3.065,3.925,3.925,1,2.0,1.8,3.925,3.925,2.2,1.4,3.925,3.925
3.925,3.925,1,Crystal Palace,Wolverhampton Wanderers,4,2,1.68451,1.42886,3.925,3.925,1,1.0,1.6,3.925,3.925,1.6,1.0,3.608199999999999,3.7754
3.925,3.925,1,Manchester City,Bournemouth,3,1,1.59779,0.962014,3.925,3.925,1,2.0,0.6,3.7754,3.608199999999999,0.8,0.6,3.925,3.925
3.925,3.925,1,Wolverhampton Wanderers,Brentford,1,1,1.10889,1.97196,3.925,3.925,1,1.2,1.4,3.6082,3.7754,2.6,1.6,4.0994,3.925
3.925,3.925,1,Southampton,Arsenal,1,2,0.598144,2.40711,3.925,3.925,1,0.4,1.4,3.925,3.925,2.0,1.2,3.925,3.925
3.925,3.925,1,Bournemouth,Leicester,2,0,2.72449,0.156702,3.925,3.925,1,0.8,1.2,3.925,3.925,1.2,1.2,3.925,3.925
3.925,3.925,1,Tottenham,Brighton,1,4,1.85265,3.11624,3.925,3.925,1,0.6,2.4,3.925,3.925,2.2,1.8,3.925,3.925
3.925,3.925,1,Ipswich,West Ham,1,3,0.893095,0.967379,3.925,3.925,1,0.4,2.4,3.925,3.925,1.4,1.4,3.925,3.925
3.925,3.925,1,Manchester United,Aston Villa,2,0,2.96259,0.335222,3.925,3.925,1,0.8,1.8,3.925,3.925,1.8,0.6,3.9356,4.159
3.925,3.925,1,Newcastle United,Everton,0,1,1.1591,1.07279,3.925,3.925,1,1.4,1.2,4.159,3.9356,1.4,1.2,3.925,3.925
3.925,3.925,1,Nottingham Forest,Chelsea,0,1,1.58014,1.30874,3.925,3.925,1,1.4,1.4,3.925,4.0994,1.4,0.8,3.925,3.925
3.925,3.925,1,Liverpool,Crystal Palace,1,1,1.92122,1.4144,3.925,3.925,1,2.2,1.8,3.925,3.925,1.8,1.0,3.925,3.925
3.925,3.925,1,Fulham,Manchester City,0,2,2.21797,2.45923,3.925,3.925,1,1.4,1.8,3.925,3.925,1.6,0.4,3.7754,3.6082
